Workbook
Name Matières: 'Créneaux'!$I$2:$I$39
Name CréneauxM: 'Créneaux'!$J$2:$N$9
Name Matière: 'Créneaux'!$A$2:$A$39
Name CollesP: Colles!$B$34:$S$49
Name CréneauxP: 'Créneaux'!$J$18:$N$25
Name TPInfo: TPTD!$A$10:$R$12
Name CollesA: Colles!$B$18:$S$33
Name Semaines: TPTD!$A$1:$R$1
Name Colleurs: 'Créneaux'!$B$2:$B$39
Name CréneauxS: 'Créneaux'!$J$34:$N$37
Name CollesF: Colles!$B$82:$S$97
Name CréneauxF: 'Créneaux'!$J$38:$N$39
Name DatesSemaines: Semaines!$A$1:$C$16
Name CollesM: Colles!$B$2:$S$17
Name TPSI: TPTD!$A$6:$R$8
Name TPPhysique: TPTD!$A$3:$R$4
Name CollesS: Colles!$B$66:$S$81
Name TDChimie: TPTD!$A$14:$R$15
Name CréneauxA: 'Créneaux'!$J$10:$N$17
Name CréneauxC: 'Créneaux'!$J$26:$N$33
Name Groupes: 'Trinômes'!$F$2:$H$17
Name LV2Jours: 'LV2'!$A$2:$B$4
Name Étudiants: 'Trinômes'!$A$2:$D$48
Name CollesC: Colles!$B$50:$S$65

Sheet Colloscope
G1: =INDIRECT("Semaines!"&ADDRESS(column()-column($E$1)-countif($F$1:F$1,"")+1,2,4)) -> 3 | H1: =INDIRECT("Semaines!"&ADDRESS(column()-column($E$1)-countif($F$1:G$1,"")+1,2,4)) -> 4 | I1: =INDIRECT("Semaines!"&ADDRESS(column()-column($E$1)-countif($F$1:H$1,"")+1,2,4)) -> 5 | J1: =INDIRECT("Semaines!"&ADDRESS(column()-column($E$1)-countif($F$1:I$1,"")+1,2,4)) -> 6 | K1: =INDIRECT("Semaines!"&ADDRESS(column()-column($E$1)-countif($F$1:J$1,"")+1,2,4)) -> 7 | M1: =INDIRECT("Semaines!"&ADDRESS(column()-column($E$1)-countif($F$1:L$1,"")+1,2,4)) -> 8 | N1: =INDIRECT("Semaines!"&ADDRESS(column()-column($E$1)-countif($F$1:M$1,"")+1,2,4)) -> 9 | O1: =INDIRECT("Semaines!"&ADDRESS(column()-column($E$1)-countif($F$1:N$1,"")+1,2,4)) -> 10 | P1: =INDIRECT("Semaines!"&ADDRESS(column()-column($E$1)-countif($F$1:O$1,"")+1,2,4)) -> 11 | Q1: =INDIRECT("Semaines!"&ADDRESS(column()-column($E$1)-countif($F$1:P$1,"")+1,2,4)) -> 12 | R1: =INDIRECT("Semaines!"&ADDRESS(column()-column($E$1)-countif($F$1:Q$1,"")+1,2,4)) -> 13 | S1: =INDIRECT("Semaines!"&ADDRESS(column()-column($E$1)-countif($F$1:R$1,"")+1,2,4)) -> 14 | U1: =INDIRECT("Semaines!"&ADDRESS(column()-column($E$1)-countif($F$1:T$1,"")+1,2,4)) -> 15 | V1: =INDIRECT("Semaines!"&ADDRESS(column()-column($E$1)-countif($F$1:U$1,"")+1,2,4)) -> 16 | W1: =INDIRECT("Semaines!"&ADDRESS(column()-column($E$1)-countif($F$1:V$1,"")+1,2,4)) -> 17
F2: Lundi | G2: =INDIRECT("Semaines!"&ADDRESS(column()-column($E$1)-countif($F$1:F$1,"")+1,1,4)) -> 46279 | H2: =INDIRECT("Semaines!"&ADDRESS(column()-column($E$1)-countif($F$1:G$1,"")+1,1,4)) -> 46286 | I2: =INDIRECT("Semaines!"&ADDRESS(column()-column($E$1)-countif($F$1:H$1,"")+1,1,4)) -> 46293 | J2: =INDIRECT("Semaines!"&ADDRESS(column()-column($E$1)-countif($F$1:I$1,"")+1,1,4)) -> 46300 | K2: =INDIRECT("Semaines!"&ADDRESS(column()-column($E$1)-countif($F$1:J$1,"")+1,1,4)) -> 46307 | M2: =INDIRECT("Semaines!"&ADDRESS(column()-column($E$1)-countif($F$1:L$1,"")+1,1,4)) -> 46328 | N2: =INDIRECT("Semaines!"&ADDRESS(column()-column($E$1)-countif($F$1:M$1,"")+1,1,4)) -> 46335 | O2: =INDIRECT("Semaines!"&ADDRESS(column()-column($E$1)-countif($F$1:N$1,"")+1,1,4)) -> 46342 | P2: =INDIRECT("Semaines!"&ADDRESS(column()-column($E$1)-countif($F$1:O$1,"")+1,1,4)) -> 46349 | Q2: =INDIRECT("Semaines!"&ADDRESS(column()-column($E$1)-countif($F$1:P$1,"")+1,1,4)) -> 46356 | R2: =INDIRECT("Semaines!"&ADDRESS(column()-column($E$1)-countif($F$1:Q$1,"")+1,1,4)) -> 46363 | S2: =INDIRECT("Semaines!"&ADDRESS(column()-column($E$1)-countif($F$1:R$1,"")+1,1,4)) -> 46370 | U2: =INDIRECT("Semaines!"&ADDRESS(column()-column($E$1)-countif($F$1:T$1,"")+1,1,4)) -> 46391 | V2: =INDIRECT("Semaines!"&ADDRESS(column()-column($E$1)-countif($F$1:U$1,"")+1,1,4)) -> 46398 | W2: =INDIRECT("Semaines!"&ADDRESS(column()-column($E$1)-countif($F$1:V$1,"")+1,1,4)) -> 46405 | Z2: TD | AB2: Créneau | AC2: Groupe
F3: Semaine | G3: =G$1&INDIRECT("Semaines!"&ADDRESS(column()-column($E$1)-countif($F$1:F$1,"")+1,3,4)) -> 3B | H3: =H$1&INDIRECT("Semaines!"&ADDRESS(column()-column($E$1)-countif($F$1:G$1,"")+1,3,4)) -> 4A | I3: =I$1&INDIRECT("Semaines!"&ADDRESS(column()-column($E$1)-countif($F$1:H$1,"")+1,3,4)) -> 5B | J3: =J$1&INDIRECT("Semaines!"&ADDRESS(column()-column($E$1)-countif($F$1:I$1,"")+1,3,4)) -> 6A | K3: =K$1&INDIRECT("Semaines!"&ADDRESS(column()-column($E$1)-countif($F$1:J$1,"")+1,3,4)) -> 7B | M3: =M$1&INDIRECT("Semaines!"&ADDRESS(column()-column($E$1)-countif($F$1:L$1,"")+1,3,4)) -> 8A | N3: =N$1&INDIRECT("Semaines!"&ADDRESS(column()-column($E$1)-countif($F$1:M$1,"")+1,3,4)) -> 9B | O3: =O$1&INDIRECT("Semaines!"&ADDRESS(column()-column($E$1)-countif($F$1:N$1,"")+1,3,4)) -> 10A | P3: =P$1&INDIRECT("Semaines!"&ADDRESS(column()-column($E$1)-countif($F$1:O$1,"")+1,3,4)) -> 11B | Q3: =Q$1&INDIRECT("Semaines!"&ADDRESS(column()-column($E$1)-countif($F$1:P$1,"")+1,3,4)) -> 12A | R3: =R$1&INDIRECT("Semaines!"&ADDRESS(column()-column($E$1)-countif($F$1:Q$1,"")+1,3,4)) -> 13B | S3: =S$1&INDIRECT("Semaines!"&ADDRESS(column()-column($E$1)-countif($F$1:R$1,"")+1,3,4)) -> 14A | U3: =U$1&INDIRECT("Semaines!"&ADDRESS(column()-column($E$1)-countif($F$1:T$1,"")+1,3,4)) -> 15B | V3: =V$1&INDIRECT("Semaines!"&ADDRESS(column()-column($E$1)-countif($F$1:U$1,"")+1,3,4)) -> 16A | W3: =W$1&INDIRECT("Semaines!"&ADDRESS(column()-column($E$1)-countif($F$1:V$1,"")+1,3,4)) -> 17B | Z3: TD Maths | AB3: Lundi 11h | AC3: G2
D4: SI | AB4: Lundi 12h | AC4: G1
B5: 8 | D5: TP1 | E5: Mardi | F5: =B5&"h" -> 8h | G5: =if(sumproduct((TPTD!B$6:B$8=$B5),TPTD!$A$6:$A$8)>0,"C"&sumproduct((TPTD!B$6:B$8=$B5),TPTD!$A$6:$A$8),"") -> C3 | H5: =if(sumproduct((TPTD!C$6:C$8=$B5),TPTD!$A$6:$A$8)>0,"C"&sumproduct((TPTD!C$6:C$8=$B5),TPTD!$A$6:$A$8),"") -> C1 | I5: =if(sumproduct((TPTD!D$6:D$8=$B5),TPTD!$A$6:$A$8)>0,"C"&sumproduct((TPTD!D$6:D$8=$B5),TPTD!$A$6:$A$8),"") -> C3 | J5: =if(sumproduct((TPTD!E$6:E$8=$B5),TPTD!$A$6:$A$8)>0,"C"&sumproduct((TPTD!E$6:E$8=$B5),TPTD!$A$6:$A$8),"") -> C1 | K5: =if(sumproduct((TPTD!F$6:F$8=$B5),TPTD!$A$6:$A$8)>0,"C"&sumproduct((TPTD!F$6:F$8=$B5),TPTD!$A$6:$A$8),"") -> C3 | M5: =if(sumproduct((TPTD!H$6:H$8=$B5),TPTD!$A$6:$A$8)>0,"C"&sumproduct((TPTD!H$6:H$8=$B5),TPTD!$A$6:$A$8),"") -> C3 | N5: =if(sumproduct((TPTD!I$6:I$8=$B5),TPTD!$A$6:$A$8)>0,"C"&sumproduct((TPTD!I$6:I$8=$B5),TPTD!$A$6:$A$8),"") -> C1 | O5: =if(sumproduct((TPTD!J$6:J$8=$B5),TPTD!$A$6:$A$8)>0,"C"&sumproduct((TPTD!J$6:J$8=$B5),TPTD!$A$6:$A$8),"") -> C3 | P5: =if(sumproduct((TPTD!K$6:K$8=$B5),TPTD!$A$6:$A$8)>0,"C"&sumproduct((TPTD!K$6:K$8=$B5),TPTD!$A$6:$A$8),"") -> C1 | Q5: =if(sumproduct((TPTD!L$6:L$8=$B5),TPTD!$A$6:$A$8)>0,"C"&sumproduct((TPTD!L$6:L$8=$B5),TPTD!$A$6:$A$8),"") -> C3 | R5: =if(sumproduct((TPTD!M$6:M$8=$B5),TPTD!$A$6:$A$8)>0,"C"&sumproduct((TPTD!M$6:M$8=$B5),TPTD!$A$6:$A$8),"") -> C1 | S5: =if(sumproduct((TPTD!N$6:N$8=$B5),TPTD!$A$6:$A$8)>0,"C"&sumproduct((TPTD!N$6:N$8=$B5),TPTD!$A$6:$A$8),"") -> C3 | U5: =if(sumproduct((TPTD!P$6:P$8=$B5),TPTD!$A$6:$A$8)>0,"C"&sumproduct((TPTD!P$6:P$8=$B5),TPTD!$A$6:$A$8),"") -> C1 | V5: =if(sumproduct((TPTD!Q$6:Q$8=$B5),TPTD!$A$6:$A$8)>0,"C"&sumproduct((TPTD!Q$6:Q$8=$B5),TPTD!$A$6:$A$8),"") -> C3 | W5: =if(sumproduct((TPTD!R$6:R$8=$B5),TPTD!$A$6:$A$8)>0,"C"&sumproduct((TPTD!R$6:R$8=$B5),TPTD!$A$6:$A$8),"") -> C1 | Z5: TD Anglais | AB5: Lundi 11h | AC5: G1
B6: 10 | D6: TP2 | E6: Mardi | F6: =B6&"h" -> 10h | G6: =if(sumproduct((TPTD!B$6:B$8=$B6),TPTD!$A$6:$A$8)>0,"C"&sumproduct((TPTD!B$6:B$8=$B6),TPTD!$A$6:$A$8),"") -> C1 | H6: =if(sumproduct((TPTD!C$6:C$8=$B6),TPTD!$A$6:$A$8)>0,"C"&sumproduct((TPTD!C$6:C$8=$B6),TPTD!$A$6:$A$8),"") -> C3 | I6: =if(sumproduct((TPTD!D$6:D$8=$B6),TPTD!$A$6:$A$8)>0,"C"&sumproduct((TPTD!D$6:D$8=$B6),TPTD!$A$6:$A$8),"") -> C1 | J6: =if(sumproduct((TPTD!E$6:E$8=$B6),TPTD!$A$6:$A$8)>0,"C"&sumproduct((TPTD!E$6:E$8=$B6),TPTD!$A$6:$A$8),"") -> C3 | K6: =if(sumproduct((TPTD!F$6:F$8=$B6),TPTD!$A$6:$A$8)>0,"C"&sumproduct((TPTD!F$6:F$8=$B6),TPTD!$A$6:$A$8),"") -> C1 | M6: =if(sumproduct((TPTD!H$6:H$8=$B6),TPTD!$A$6:$A$8)>0,"C"&sumproduct((TPTD!H$6:H$8=$B6),TPTD!$A$6:$A$8),"") -> C1 | N6: =if(sumproduct((TPTD!I$6:I$8=$B6),TPTD!$A$6:$A$8)>0,"C"&sumproduct((TPTD!I$6:I$8=$B6),TPTD!$A$6:$A$8),"") -> C3 | O6: =if(sumproduct((TPTD!J$6:J$8=$B6),TPTD!$A$6:$A$8)>0,"C"&sumproduct((TPTD!J$6:J$8=$B6),TPTD!$A$6:$A$8),"") -> C1 | P6: =if(sumproduct((TPTD!K$6:K$8=$B6),TPTD!$A$6:$A$8)>0,"C"&sumproduct((TPTD!K$6:K$8=$B6),TPTD!$A$6:$A$8),"") -> C3 | Q6: =if(sumproduct((TPTD!L$6:L$8=$B6),TPTD!$A$6:$A$8)>0,"C"&sumproduct((TPTD!L$6:L$8=$B6),TPTD!$A$6:$A$8),"") -> C1 | R6: =if(sumproduct((TPTD!M$6:M$8=$B6),TPTD!$A$6:$A$8)>0,"C"&sumproduct((TPTD!M$6:M$8=$B6),TPTD!$A$6:$A$8),"") -> C3 | S6: =if(sumproduct((TPTD!N$6:N$8=$B6),TPTD!$A$6:$A$8)>0,"C"&sumproduct((TPTD!N$6:N$8=$B6),TPTD!$A$6:$A$8),"") -> C1 | U6: =if(sumproduct((TPTD!P$6:P$8=$B6),TPTD!$A$6:$A$8)>0,"C"&sumproduct((TPTD!P$6:P$8=$B6),TPTD!$A$6:$A$8),"") -> C3 | V6: =if(sumproduct((TPTD!Q$6:Q$8=$B6),TPTD!$A$6:$A$8)>0,"C"&sumproduct((TPTD!Q$6:Q$8=$B6),TPTD!$A$6:$A$8),"") -> C1 | W6: =if(sumproduct((TPTD!R$6:R$8=$B6),TPTD!$A$6:$A$8)>0,"C"&sumproduct((TPTD!R$6:R$8=$B6),TPTD!$A$6:$A$8),"") -> C3 | AB6: Lundi 12h | AC6: G2
B7: 15 | D7: TP3 | E7: Mardi | F7: =B7&"h" -> 15h | G7: =if(sumproduct((TPTD!B$6:B$8=$B7),TPTD!$A$6:$A$8)>0,"C"&sumproduct((TPTD!B$6:B$8=$B7),TPTD!$A$6:$A$8),"") -> C2 | H7: =if(sumproduct((TPTD!C$6:C$8=$B7),TPTD!$A$6:$A$8)>0,"C"&sumproduct((TPTD!C$6:C$8=$B7),TPTD!$A$6:$A$8),"") -> C2 | I7: =if(sumproduct((TPTD!D$6:D$8=$B7),TPTD!$A$6:$A$8)>0,"C"&sumproduct((TPTD!D$6:D$8=$B7),TPTD!$A$6:$A$8),"") -> C2 | J7: =if(sumproduct((TPTD!E$6:E$8=$B7),TPTD!$A$6:$A$8)>0,"C"&sumproduct((TPTD!E$6:E$8=$B7),TPTD!$A$6:$A$8),"") -> C2 | K7: =if(sumproduct((TPTD!F$6:F$8=$B7),TPTD!$A$6:$A$8)>0,"C"&sumproduct((TPTD!F$6:F$8=$B7),TPTD!$A$6:$A$8),"") -> C2 | M7: =if(sumproduct((TPTD!H$6:H$8=$B7),TPTD!$A$6:$A$8)>0,"C"&sumproduct((TPTD!H$6:H$8=$B7),TPTD!$A$6:$A$8),"") -> C2 | N7: =if(sumproduct((TPTD!I$6:I$8=$B7),TPTD!$A$6:$A$8)>0,"C"&sumproduct((TPTD!I$6:I$8=$B7),TPTD!$A$6:$A$8),"") -> C2 | O7: =if(sumproduct((TPTD!J$6:J$8=$B7),TPTD!$A$6:$A$8)>0,"C"&sumproduct((TPTD!J$6:J$8=$B7),TPTD!$A$6:$A$8),"") -> C2 | P7: =if(sumproduct((TPTD!K$6:K$8=$B7),TPTD!$A$6:$A$8)>0,"C"&sumproduct((TPTD!K$6:K$8=$B7),TPTD!$A$6:$A$8),"") -> C2 | Q7: =if(sumproduct((TPTD!L$6:L$8=$B7),TPTD!$A$6:$A$8)>0,"C"&sumproduct((TPTD!L$6:L$8=$B7),TPTD!$A$6:$A$8),"") -> C2 | R7: =if(sumproduct((TPTD!M$6:M$8=$B7),TPTD!$A$6:$A$8)>0,"C"&sumproduct((TPTD!M$6:M$8=$B7),TPTD!$A$6:$A$8),"") -> C2 | S7: =if(sumproduct((TPTD!N$6:N$8=$B7),TPTD!$A$6:$A$8)>0,"C"&sumproduct((TPTD!N$6:N$8=$B7),TPTD!$A$6:$A$8),"") -> C2 | U7: =if(sumproduct((TPTD!P$6:P$8=$B7),TPTD!$A$6:$A$8)>0,"C"&sumproduct((TPTD!P$6:P$8=$B7),TPTD!$A$6:$A$8),"") -> C2 | V7: =if(sumproduct((TPTD!Q$6:Q$8=$B7),TPTD!$A$6:$A$8)>0,"C"&sumproduct((TPTD!Q$6:Q$8=$B7),TPTD!$A$6:$A$8),"") -> C2 | W7: =if(sumproduct((TPTD!R$6:R$8=$B7),TPTD!$A$6:$A$8)>0,"C"&sumproduct((TPTD!R$6:R$8=$B7),TPTD!$A$6:$A$8),"") -> C2 | Z7: TD Physique | AB7: Jeudi 10h | AC7: G1
D8: Info | AB8: Jeudi 11h | AC8: G2
B9: 15 | D9: TP1 | E9: Mardi | F9: =B9&"h" -> 15h | G9: =if(sumproduct((TPTD!B$10:B$12=$B9),TPTD!$A$10:$A$12)>0,"C"&sumproduct((TPTD!B$10:B$12=$B9),TPTD!$A$10:$A$12),"") -> C1 | H9: =if(sumproduct((TPTD!C$10:C$12=$B9),TPTD!$A$10:$A$12)>0,"C"&sumproduct((TPTD!C$10:C$12=$B9),TPTD!$A$10:$A$12),"") | I9: =if(sumproduct((TPTD!D$10:D$12=$B9),TPTD!$A$10:$A$12)>0,"C"&sumproduct((TPTD!D$10:D$12=$B9),TPTD!$A$10:$A$12),"") -> C3 | J9: =if(sumproduct((TPTD!E$10:E$12=$B9),TPTD!$A$10:$A$12)>0,"C"&sumproduct((TPTD!E$10:E$12=$B9),TPTD!$A$10:$A$12),"") | K9: =if(sumproduct((TPTD!F$10:F$12=$B9),TPTD!$A$10:$A$12)>0,"C"&sumproduct((TPTD!F$10:F$12=$B9),TPTD!$A$10:$A$12),"") -> C1 | M9: =if(sumproduct((TPTD!H$10:H$12=$B9),TPTD!$A$10:$A$12)>0,"C"&sumproduct((TPTD!H$10:H$12=$B9),TPTD!$A$10:$A$12),"") | N9: =if(sumproduct((TPTD!I$10:I$12=$B9),TPTD!$A$10:$A$12)>0,"C"&sumproduct((TPTD!I$10:I$12=$B9),TPTD!$A$10:$A$12),"") -> C1 | O9: =if(sumproduct((TPTD!J$10:J$12=$B9),TPTD!$A$10:$A$12)>0,"C"&sumproduct((TPTD!J$10:J$12=$B9),TPTD!$A$10:$A$12),"") | P9: =if(sumproduct((TPTD!K$10:K$12=$B9),TPTD!$A$10:$A$12)>0,"C"&sumproduct((TPTD!K$10:K$12=$B9),TPTD!$A$10:$A$12),"") -> C1 | Q9: =if(sumproduct((TPTD!L$10:L$12=$B9),TPTD!$A$10:$A$12)>0,"C"&sumproduct((TPTD!L$10:L$12=$B9),TPTD!$A$10:$A$12),"") | R9: =if(sumproduct((TPTD!M$10:M$12=$B9),TPTD!$A$10:$A$12)>0,"C"&sumproduct((TPTD!M$10:M$12=$B9),TPTD!$A$10:$A$12),"") -> C3 | S9: =if(sumproduct((TPTD!N$10:N$12=$B9),TPTD!$A$10:$A$12)>0,"C"&sumproduct((TPTD!N$10:N$12=$B9),TPTD!$A$10:$A$12),"") | U9: =if(sumproduct((TPTD!P$10:P$12=$B9),TPTD!$A$10:$A$12)>0,"C"&sumproduct((TPTD!P$10:P$12=$B9),TPTD!$A$10:$A$12),"") -> C1 | V9: =if(sumproduct((TPTD!Q$10:Q$12=$B9),TPTD!$A$10:$A$12)>0,"C"&sumproduct((TPTD!Q$10:Q$12=$B9),TPTD!$A$10:$A$12),"") | W9: =if(sumproduct((TPTD!R$10:R$12=$B9),TPTD!$A$10:$A$12)>0,"C"&sumproduct((TPTD!R$10:R$12=$B9),TPTD!$A$10:$A$12),"") | Z9: TD SI | AB9: Jeudi 10h | AC9: G2
B10: 17 | D10: TP2 | E10: Mardi | F10: =B10&"h" -> 17h | G10: =if(sumproduct((TPTD!B$10:B$12=$B10),TPTD!$A$10:$A$12)>0,"C"&sumproduct((TPTD!B$10:B$12=$B10),TPTD!$A$10:$A$12),"") -> C3 | H10: =if(sumproduct((TPTD!C$10:C$12=$B10),TPTD!$A$10:$A$12)>0,"C"&sumproduct((TPTD!C$10:C$12=$B10),TPTD!$A$10:$A$12),"") -> C2 | I10: =if(sumproduct((TPTD!D$10:D$12=$B10),TPTD!$A$10:$A$12)>0,"C"&sumproduct((TPTD!D$10:D$12=$B10),TPTD!$A$10:$A$12),"") -> C2 | J10: =if(sumproduct((TPTD!E$10:E$12=$B10),TPTD!$A$10:$A$12)>0,"C"&sumproduct((TPTD!E$10:E$12=$B10),TPTD!$A$10:$A$12),"") -> C1 | K10: =if(sumproduct((TPTD!F$10:F$12=$B10),TPTD!$A$10:$A$12)>0,"C"&sumproduct((TPTD!F$10:F$12=$B10),TPTD!$A$10:$A$12),"") -> C3 | M10: =if(sumproduct((TPTD!H$10:H$12=$B10),TPTD!$A$10:$A$12)>0,"C"&sumproduct((TPTD!H$10:H$12=$B10),TPTD!$A$10:$A$12),"") -> C2 | N10: =if(sumproduct((TPTD!I$10:I$12=$B10),TPTD!$A$10:$A$12)>0,"C"&sumproduct((TPTD!I$10:I$12=$B10),TPTD!$A$10:$A$12),"") -> C2 | O10: =if(sumproduct((TPTD!J$10:J$12=$B10),TPTD!$A$10:$A$12)>0,"C"&sumproduct((TPTD!J$10:J$12=$B10),TPTD!$A$10:$A$12),"") -> C3 | P10: =if(sumproduct((TPTD!K$10:K$12=$B10),TPTD!$A$10:$A$12)>0,"C"&sumproduct((TPTD!K$10:K$12=$B10),TPTD!$A$10:$A$12),"") -> C3 | Q10: =if(sumproduct((TPTD!L$10:L$12=$B10),TPTD!$A$10:$A$12)>0,"C"&sumproduct((TPTD!L$10:L$12=$B10),TPTD!$A$10:$A$12),"") -> C2 | R10: =if(sumproduct((TPTD!M$10:M$12=$B10),TPTD!$A$10:$A$12)>0,"C"&sumproduct((TPTD!M$10:M$12=$B10),TPTD!$A$10:$A$12),"") -> C2 | S10: =if(sumproduct((TPTD!N$10:N$12=$B10),TPTD!$A$10:$A$12)>0,"C"&sumproduct((TPTD!N$10:N$12=$B10),TPTD!$A$10:$A$12),"") -> C1 | U10: =if(sumproduct((TPTD!P$10:P$12=$B10),TPTD!$A$10:$A$12)>0,"C"&sumproduct((TPTD!P$10:P$12=$B10),TPTD!$A$10:$A$12),"") -> C2 | V10: =if(sumproduct((TPTD!Q$10:Q$12=$B10),TPTD!$A$10:$A$12)>0,"C"&sumproduct((TPTD!Q$10:Q$12=$B10),TPTD!$A$10:$A$12),"") -> C3 | W10: =if(sumproduct((TPTD!R$10:R$12=$B10),TPTD!$A$10:$A$12)>0,"C"&sumproduct((TPTD!R$10:R$12=$B10),TPTD!$A$10:$A$12),"") | AB10: Jeudi 11h | AC10: G1
D11: Chimie
B12: 15 | D12: TD | E12: Mercredi | F12: =B12&"h" -> 15h | G12: =if(sumproduct((TPTD!B$14:B$15=$B12),TPTD!$A$14:$A$15)>0,"G"&sumproduct((TPTD!B$14:B$15=$B12),TPTD!$A$14:$A$15),"") -> G1 | H12: =if(sumproduct((TPTD!C$14:C$15=$B12),TPTD!$A$14:$A$15)>0,"G"&sumproduct((TPTD!C$14:C$15=$B12),TPTD!$A$14:$A$15),"") -> G2 | I12: =if(sumproduct((TPTD!D$14:D$15=$B12),TPTD!$A$14:$A$15)>0,"G"&sumproduct((TPTD!D$14:D$15=$B12),TPTD!$A$14:$A$15),"") -> G1 | J12: =if(sumproduct((TPTD!E$14:E$15=$B12),TPTD!$A$14:$A$15)>0,"G"&sumproduct((TPTD!E$14:E$15=$B12),TPTD!$A$14:$A$15),"") -> G2 | K12: =if(sumproduct((TPTD!F$14:F$15=$B12),TPTD!$A$14:$A$15)>0,"G"&sumproduct((TPTD!F$14:F$15=$B12),TPTD!$A$14:$A$15),"") | M12: =if(sumproduct((TPTD!H$14:H$15=$B12),TPTD!$A$14:$A$15)>0,"G"&sumproduct((TPTD!H$14:H$15=$B12),TPTD!$A$14:$A$15),"") -> G1 | N12: =if(sumproduct((TPTD!I$14:I$15=$B12),TPTD!$A$14:$A$15)>0,"G"&sumproduct((TPTD!I$14:I$15=$B12),TPTD!$A$14:$A$15),"") | O12: =if(sumproduct((TPTD!J$14:J$15=$B12),TPTD!$A$14:$A$15)>0,"G"&sumproduct((TPTD!J$14:J$15=$B12),TPTD!$A$14:$A$15),"") -> G2 | P12: =if(sumproduct((TPTD!K$14:K$15=$B12),TPTD!$A$14:$A$15)>0,"G"&sumproduct((TPTD!K$14:K$15=$B12),TPTD!$A$14:$A$15),"") -> G1 | Q12: =if(sumproduct((TPTD!L$14:L$15=$B12),TPTD!$A$14:$A$15)>0,"G"&sumproduct((TPTD!L$14:L$15=$B12),TPTD!$A$14:$A$15),"") -> G2 | R12: =if(sumproduct((TPTD!M$14:M$15=$B12),TPTD!$A$14:$A$15)>0,"G"&sumproduct((TPTD!M$14:M$15=$B12),TPTD!$A$14:$A$15),"") -> G1 | S12: =if(sumproduct((TPTD!N$14:N$15=$B12),TPTD!$A$14:$A$15)>0,"G"&sumproduct((TPTD!N$14:N$15=$B12),TPTD!$A$14:$A$15),"") -> G2 | U12: =if(sumproduct((TPTD!P$14:P$15=$B12),TPTD!$A$14:$A$15)>0,"G"&sumproduct((TPTD!P$14:P$15=$B12),TPTD!$A$14:$A$15),"") -> G1 | V12: =if(sumproduct((TPTD!Q$14:Q$15=$B12),TPTD!$A$14:$A$15)>0,"G"&sumproduct((TPTD!Q$14:Q$15=$B12),TPTD!$A$14:$A$15),"") -> G2 | W12: =if(sumproduct((TPTD!R$14:R$15=$B12),TPTD!$A$14:$A$15)>0,"G"&sumproduct((TPTD!R$14:R$15=$B12),TPTD!$A$14:$A$15),"") -> G1 | Z12: Groupes | AB12: Trinômes
D13: Physique | Z13: ="C1"&'Trinômes'!R18 -> C1 | AB13: ='Trinômes'!Q18 -> 1 – 2 – 3 – 4 – 5 – 6
B14: 8 | D14: TP1 | E14: Mardi | F14: =B14&"h" -> 8h | G14: =if(sumproduct((TPTD!B$3:B$4=$B14),TPTD!$A$3:$A$4)>0,"G"&sumproduct((TPTD!B$3:B$4=$B14),TPTD!$A$3:$A$4),"") -> G1 | H14: =if(sumproduct((TPTD!C$3:C$4=$B14),TPTD!$A$3:$A$4)>0,"G"&sumproduct((TPTD!C$3:C$4=$B14),TPTD!$A$3:$A$4),"") -> G2 | I14: =if(sumproduct((TPTD!D$3:D$4=$B14),TPTD!$A$3:$A$4)>0,"G"&sumproduct((TPTD!D$3:D$4=$B14),TPTD!$A$3:$A$4),"") -> G1 | J14: =if(sumproduct((TPTD!E$3:E$4=$B14),TPTD!$A$3:$A$4)>0,"G"&sumproduct((TPTD!E$3:E$4=$B14),TPTD!$A$3:$A$4),"") -> G2 | K14: =if(sumproduct((TPTD!F$3:F$4=$B14),TPTD!$A$3:$A$4)>0,"G"&sumproduct((TPTD!F$3:F$4=$B14),TPTD!$A$3:$A$4),"") -> G1 | M14: =if(sumproduct((TPTD!H$3:H$4=$B14),TPTD!$A$3:$A$4)>0,"G"&sumproduct((TPTD!H$3:H$4=$B14),TPTD!$A$3:$A$4),"") -> G1 | N14: =if(sumproduct((TPTD!I$3:I$4=$B14),TPTD!$A$3:$A$4)>0,"G"&sumproduct((TPTD!I$3:I$4=$B14),TPTD!$A$3:$A$4),"") -> G2 | O14: =if(sumproduct((TPTD!J$3:J$4=$B14),TPTD!$A$3:$A$4)>0,"G"&sumproduct((TPTD!J$3:J$4=$B14),TPTD!$A$3:$A$4),"") -> G1 | P14: =if(sumproduct((TPTD!K$3:K$4=$B14),TPTD!$A$3:$A$4)>0,"G"&sumproduct((TPTD!K$3:K$4=$B14),TPTD!$A$3:$A$4),"") -> G2 | Q14: =if(sumproduct((TPTD!L$3:L$4=$B14),TPTD!$A$3:$A$4)>0,"G"&sumproduct((TPTD!L$3:L$4=$B14),TPTD!$A$3:$A$4),"") -> G1 | R14: =if(sumproduct((TPTD!M$3:M$4=$B14),TPTD!$A$3:$A$4)>0,"G"&sumproduct((TPTD!M$3:M$4=$B14),TPTD!$A$3:$A$4),"") -> G2 | S14: =if(sumproduct((TPTD!N$3:N$4=$B14),TPTD!$A$3:$A$4)>0,"G"&sumproduct((TPTD!N$3:N$4=$B14),TPTD!$A$3:$A$4),"") -> G1 | U14: =if(sumproduct((TPTD!P$3:P$4=$B14),TPTD!$A$3:$A$4)>0,"G"&sumproduct((TPTD!P$3:P$4=$B14),TPTD!$A$3:$A$4),"") -> G2 | V14: =if(sumproduct((TPTD!Q$3:Q$4=$B14),TPTD!$A$3:$A$4)>0,"G"&sumproduct((TPTD!Q$3:Q$4=$B14),TPTD!$A$3:$A$4),"") -> G1 | W14: =if(sumproduct((TPTD!R$3:R$4=$B14),TPTD!$A$3:$A$4)>0,"G"&sumproduct((TPTD!R$3:R$4=$B14),TPTD!$A$3:$A$4),"") -> G2 | Z14: ="C2"&'Trinômes'!U18 -> C2 | AB14: ='Trinômes'!T18 -> 7 – 8 – 9 – 10 – 11
B15: 10 | D15: TP2 | E15: Mardi | F15: =B15&"h" -> 10h | G15: =if(sumproduct((TPTD!B$3:B$4=$B15),TPTD!$A$3:$A$4)>0,"G"&sumproduct((TPTD!B$3:B$4=$B15),TPTD!$A$3:$A$4),"") -> G2 | H15: =if(sumproduct((TPTD!C$3:C$4=$B15),TPTD!$A$3:$A$4)>0,"G"&sumproduct((TPTD!C$3:C$4=$B15),TPTD!$A$3:$A$4),"") -> G1 | I15: =if(sumproduct((TPTD!D$3:D$4=$B15),TPTD!$A$3:$A$4)>0,"G"&sumproduct((TPTD!D$3:D$4=$B15),TPTD!$A$3:$A$4),"") -> G2 | J15: =if(sumproduct((TPTD!E$3:E$4=$B15),TPTD!$A$3:$A$4)>0,"G"&sumproduct((TPTD!E$3:E$4=$B15),TPTD!$A$3:$A$4),"") -> G1 | K15: =if(sumproduct((TPTD!F$3:F$4=$B15),TPTD!$A$3:$A$4)>0,"G"&sumproduct((TPTD!F$3:F$4=$B15),TPTD!$A$3:$A$4),"") -> G2 | M15: =if(sumproduct((TPTD!H$3:H$4=$B15),TPTD!$A$3:$A$4)>0,"G"&sumproduct((TPTD!H$3:H$4=$B15),TPTD!$A$3:$A$4),"") -> G2 | N15: =if(sumproduct((TPTD!I$3:I$4=$B15),TPTD!$A$3:$A$4)>0,"G"&sumproduct((TPTD!I$3:I$4=$B15),TPTD!$A$3:$A$4),"") -> G1 | O15: =if(sumproduct((TPTD!J$3:J$4=$B15),TPTD!$A$3:$A$4)>0,"G"&sumproduct((TPTD!J$3:J$4=$B15),TPTD!$A$3:$A$4),"") -> G2 | P15: =if(sumproduct((TPTD!K$3:K$4=$B15),TPTD!$A$3:$A$4)>0,"G"&sumproduct((TPTD!K$3:K$4=$B15),TPTD!$A$3:$A$4),"") -> G1 | Q15: =if(sumproduct((TPTD!L$3:L$4=$B15),TPTD!$A$3:$A$4)>0,"G"&sumproduct((TPTD!L$3:L$4=$B15),TPTD!$A$3:$A$4),"") -> G2 | R15: =if(sumproduct((TPTD!M$3:M$4=$B15),TPTD!$A$3:$A$4)>0,"G"&sumproduct((TPTD!M$3:M$4=$B15),TPTD!$A$3:$A$4),"") -> G1 | S15: =if(sumproduct((TPTD!N$3:N$4=$B15),TPTD!$A$3:$A$4)>0,"G"&sumproduct((TPTD!N$3:N$4=$B15),TPTD!$A$3:$A$4),"") -> G2 | U15: =if(sumproduct((TPTD!P$3:P$4=$B15),TPTD!$A$3:$A$4)>0,"G"&sumproduct((TPTD!P$3:P$4=$B15),TPTD!$A$3:$A$4),"") -> G1 | V15: =if(sumproduct((TPTD!Q$3:Q$4=$B15),TPTD!$A$3:$A$4)>0,"G"&sumproduct((TPTD!Q$3:Q$4=$B15),TPTD!$A$3:$A$4),"") -> G2 | W15: =if(sumproduct((TPTD!R$3:R$4=$B15),TPTD!$A$3:$A$4)>0,"G"&sumproduct((TPTD!R$3:R$4=$B15),TPTD!$A$3:$A$4),"") -> G1 | Z15: ="C3"&'Trinômes'!X18 -> C3 – LV2 | AB15: ='Trinômes'!W18 -> 12 – 13 – 14 – 15 – 16
Z16: ="G1"&'Trinômes'!L18 -> G1 | AB16: ='Trinômes'!K18 -> 1 – 2 – 3 – 4 – 5 – 6 – 7 – 8
C17: Colleur | D17: Jour | E17: Heure | F17: Salle | Z17: ="G2"&'Trinômes'!O18 -> G2 – LV2 | AB17: ='Trinômes'!N18 -> 9 – 10 – 11 – 12 – 13 – 14 – 15 – 16
C18: =A19 -> Mathématiques
A19: ='Créneaux'!I2 -> Mathématiques | B19: ='Créneaux'!J2 -> 1 | C19: ='Créneaux'!K2 -> M. Villéger | D19: =switch('Créneaux'!L2,0,"Lundi",1,"Mardi",2,"Mercredi",3,"Jeudi",4,"Vendredi") -> Mercredi | E19: ='Créneaux'!M2&"h" -> 15h | F19: ='Créneaux'!N2 -> Prépa 35 | G19: =if(sumproduct((Colles!$A$2:$A$97=$A19),(Colles!C$2:C$97=$B19),(Colles!$B$2:$B$97))>0,sumproduct((Colles!$A$2:$A$97=$A19),(Colles!C$2:C$97=$B19),(Colles!$B$2:$B$97)),"") | H19: =if(sumproduct((Colles!$A$2:$A$97=$A19),(Colles!D$2:D$97=$B19),(Colles!$B$2:$B$97))>0,sumproduct((Colles!$A$2:$A$97=$A19),(Colles!D$2:D$97=$B19),(Colles!$B$2:$B$97)),"") -> 1 | I19: =if(sumproduct((Colles!$A$2:$A$97=$A19),(Colles!E$2:E$97=$B19),(Colles!$B$2:$B$97))>0,sumproduct((Colles!$A$2:$A$97=$A19),(Colles!E$2:E$97=$B19),(Colles!$B$2:$B$97)),"") -> 14 | J19: =if(sumproduct((Colles!$A$2:$A$97=$A19),(Colles!F$2:F$97=$B19),(Colles!$B$2:$B$97))>0,sumproduct((Colles!$A$2:$A$97=$A19),(Colles!F$2:F$97=$B19),(Colles!$B$2:$B$97)),"") -> 7 | K19: =if(sumproduct((Colles!$A$2:$A$97=$A19),(Colles!G$2:G$97=$B19),(Colles!$B$2:$B$97))>0,sumproduct((Colles!$A$2:$A$97=$A19),(Colles!G$2:G$97=$B19),(Colles!$B$2:$B$97)),"") -> 12 | M19: =if(sumproduct((Colles!$A$2:$A$97=$A19),(Colles!I$2:I$97=$B19),(Colles!$B$2:$B$97))>0,sumproduct((Colles!$A$2:$A$97=$A19),(Colles!I$2:I$97=$B19),(Colles!$B$2:$B$97)),"") -> 11 | N19: =if(sumproduct((Colles!$A$2:$A$97=$A19),(Colles!J$2:J$97=$B19),(Colles!$B$2:$B$97))>0,sumproduct((Colles!$A$2:$A$97=$A19),(Colles!J$2:J$97=$B19),(Colles!$B$2:$B$97)),"") -> 10 | O19: =if(sumproduct((Colles!$A$2:$A$97=$A19),(Colles!K$2:K$97=$B19),(Colles!$B$2:$B$97))>0,sumproduct((Colles!$A$2:$A$97=$A19),(Colles!K$2:K$97=$B19),(Colles!$B$2:$B$97)),"") -> 7 | P19: =if(sumproduct((Colles!$A$2:$A$97=$A19),(Colles!L$2:L$97=$B19),(Colles!$B$2:$B$97))>0,sumproduct((Colles!$A$2:$A$97=$A19),(Colles!L$2:L$97=$B19),(Colles!$B$2:$B$97)),"") -> 16 | Q19: =if(sumproduct((Colles!$A$2:$A$97=$A19),(Colles!M$2:M$97=$B19),(Colles!$B$2:$B$97))>0,sumproduct((Colles!$A$2:$A$97=$A19),(Colles!M$2:M$97=$B19),(Colles!$B$2:$B$97)),"") -> 1 | R19: =if(sumproduct((Colles!$A$2:$A$97=$A19),(Colles!N$2:N$97=$B19),(Colles!$B$2:$B$97))>0,sumproduct((Colles!$A$2:$A$97=$A19),(Colles!N$2:N$97=$B19),(Colles!$B$2:$B$97)),"") -> 14 | S19: =if(sumproduct((Colles!$A$2:$A$97=$A19),(Colles!O$2:O$97=$B19),(Colles!$B$2:$B$97))>0,sumproduct((Colles!$A$2:$A$97=$A19),(Colles!O$2:O$97=$B19),(Colles!$B$2:$B$97)),"") -> 3 | U19: =if(sumproduct((Colles!$A$2:$A$97=$A19),(Colles!Q$2:Q$97=$B19),(Colles!$B$2:$B$97))>0,sumproduct((Colles!$A$2:$A$97=$A19),(Colles!Q$2:Q$97=$B19),(Colles!$B$2:$B$97)),"") | V19: =if(sumproduct((Colles!$A$2:$A$97=$A19),(Colles!R$2:R$97=$B19),(Colles!$B$2:$B$97))>0,sumproduct((Colles!$A$2:$A$97=$A19),(Colles!R$2:R$97=$B19),(Colles!$B$2:$B$97)),"") -> 4 | W19: =if(sumproduct((Colles!$A$2:$A$97=$A19),(Colles!S$2:S$97=$B19),(Colles!$B$2:$B$97))>0,sumproduct((Colles!$A$2:$A$97=$A19),(Colles!S$2:S$97=$B19),(Colles!$B$2:$B$97)),"") -> 15 | Z19: Trinômes
A20: ='Créneaux'!I3 -> Mathématiques | B20: ='Créneaux'!J3 -> 2 | C20: ='Créneaux'!K3 -> M. Villéger | D20: =switch('Créneaux'!L3,0,"Lundi",1,"Mardi",2,"Mercredi",3,"Jeudi",4,"Vendredi") -> Mercredi | E20: ='Créneaux'!M3&"h" -> 16h | F20: ='Créneaux'!N3 -> Prépa 35 | G20: =if(sumproduct((Colles!$A$2:$A$97=$A20),(Colles!C$2:C$97=$B20),(Colles!$B$2:$B$97))>0,sumproduct((Colles!$A$2:$A$97=$A20),(Colles!C$2:C$97=$B20),(Colles!$B$2:$B$97)),"") | H20: =if(sumproduct((Colles!$A$2:$A$97=$A20),(Colles!D$2:D$97=$B20),(Colles!$B$2:$B$97))>0,sumproduct((Colles!$A$2:$A$97=$A20),(Colles!D$2:D$97=$B20),(Colles!$B$2:$B$97)),"") -> 15 | I20: =if(sumproduct((Colles!$A$2:$A$97=$A20),(Colles!E$2:E$97=$B20),(Colles!$B$2:$B$97))>0,sumproduct((Colles!$A$2:$A$97=$A20),(Colles!E$2:E$97=$B20),(Colles!$B$2:$B$97)),"") -> 4 | J20: =if(sumproduct((Colles!$A$2:$A$97=$A20),(Colles!F$2:F$97=$B20),(Colles!$B$2:$B$97))>0,sumproduct((Colles!$A$2:$A$97=$A20),(Colles!F$2:F$97=$B20),(Colles!$B$2:$B$97)),"") -> 13 | K20: =if(sumproduct((Colles!$A$2:$A$97=$A20),(Colles!G$2:G$97=$B20),(Colles!$B$2:$B$97))>0,sumproduct((Colles!$A$2:$A$97=$A20),(Colles!G$2:G$97=$B20),(Colles!$B$2:$B$97)),"") -> 6 | M20: =if(sumproduct((Colles!$A$2:$A$97=$A20),(Colles!I$2:I$97=$B20),(Colles!$B$2:$B$97))>0,sumproduct((Colles!$A$2:$A$97=$A20),(Colles!I$2:I$97=$B20),(Colles!$B$2:$B$97)),"") -> 5 | N20: =if(sumproduct((Colles!$A$2:$A$97=$A20),(Colles!J$2:J$97=$B20),(Colles!$B$2:$B$97))>0,sumproduct((Colles!$A$2:$A$97=$A20),(Colles!J$2:J$97=$B20),(Colles!$B$2:$B$97)),"") -> 8 | O20: =if(sumproduct((Colles!$A$2:$A$97=$A20),(Colles!K$2:K$97=$B20),(Colles!$B$2:$B$97))>0,sumproduct((Colles!$A$2:$A$97=$A20),(Colles!K$2:K$97=$B20),(Colles!$B$2:$B$97)),"") -> 9 | P20: =if(sumproduct((Colles!$A$2:$A$97=$A20),(Colles!L$2:L$97=$B20),(Colles!$B$2:$B$97))>0,sumproduct((Colles!$A$2:$A$97=$A20),(Colles!L$2:L$97=$B20),(Colles!$B$2:$B$97)),"") -> 2 | Q20: =if(sumproduct((Colles!$A$2:$A$97=$A20),(Colles!M$2:M$97=$B20),(Colles!$B$2:$B$97))>0,sumproduct((Colles!$A$2:$A$97=$A20),(Colles!M$2:M$97=$B20),(Colles!$B$2:$B$97)),"") -> 15 | R20: =if(sumproduct((Colles!$A$2:$A$97=$A20),(Colles!N$2:N$97=$B20),(Colles!$B$2:$B$97))>0,sumproduct((Colles!$A$2:$A$97=$A20),(Colles!N$2:N$97=$B20),(Colles!$B$2:$B$97)),"") -> 4 | S20: =if(sumproduct((Colles!$A$2:$A$97=$A20),(Colles!O$2:O$97=$B20),(Colles!$B$2:$B$97))>0,sumproduct((Colles!$A$2:$A$97=$A20),(Colles!O$2:O$97=$B20),(Colles!$B$2:$B$97)),"") -> 9 | U20: =if(sumproduct((Colles!$A$2:$A$97=$A20),(Colles!Q$2:Q$97=$B20),(Colles!$B$2:$B$97))>0,sumproduct((Colles!$A$2:$A$97=$A20),(Colles!Q$2:Q$97=$B20),(Colles!$B$2:$B$97)),"") | V20: =if(sumproduct((Colles!$A$2:$A$97=$A20),(Colles!R$2:R$97=$B20),(Colles!$B$2:$B$97))>0,sumproduct((Colles!$A$2:$A$97=$A20),(Colles!R$2:R$97=$B20),(Colles!$B$2:$B$97)),"") -> 16 | W20: =if(sumproduct((Colles!$A$2:$A$97=$A20),(Colles!S$2:S$97=$B20),(Colles!$B$2:$B$97))>0,sumproduct((Colles!$A$2:$A$97=$A20),(Colles!S$2:S$97=$B20),(Colles!$B$2:$B$97)),"") -> 1
A21: ='Créneaux'!I4 -> Mathématiques | B21: ='Créneaux'!J4 -> 3 | C21: ='Créneaux'!K4 -> Mme Gil | D21: =switch('Créneaux'!L4,0,"Lundi",1,"Mardi",2,"Mercredi",3,"Jeudi",4,"Vendredi") -> Mercredi | E21: ='Créneaux'!M4&"h" -> 15h | F21: ='Créneaux'!N4 -> Prépa 22 | G21: =if(sumproduct((Colles!$A$2:$A$97=$A21),(Colles!C$2:C$97=$B21),(Colles!$B$2:$B$97))>0,sumproduct((Colles!$A$2:$A$97=$A21),(Colles!C$2:C$97=$B21),(Colles!$B$2:$B$97)),"") | H21: =if(sumproduct((Colles!$A$2:$A$97=$A21),(Colles!D$2:D$97=$B21),(Colles!$B$2:$B$97))>0,sumproduct((Colles!$A$2:$A$97=$A21),(Colles!D$2:D$97=$B21),(Colles!$B$2:$B$97)),"") -> 3 | I21: =if(sumproduct((Colles!$A$2:$A$97=$A21),(Colles!E$2:E$97=$B21),(Colles!$B$2:$B$97))>0,sumproduct((Colles!$A$2:$A$97=$A21),(Colles!E$2:E$97=$B21),(Colles!$B$2:$B$97)),"") -> 16 | J21: =if(sumproduct((Colles!$A$2:$A$97=$A21),(Colles!F$2:F$97=$B21),(Colles!$B$2:$B$97))>0,sumproduct((Colles!$A$2:$A$97=$A21),(Colles!F$2:F$97=$B21),(Colles!$B$2:$B$97)),"") -> 5 | K21: =if(sumproduct((Colles!$A$2:$A$97=$A21),(Colles!G$2:G$97=$B21),(Colles!$B$2:$B$97))>0,sumproduct((Colles!$A$2:$A$97=$A21),(Colles!G$2:G$97=$B21),(Colles!$B$2:$B$97)),"") -> 10 | M21: =if(sumproduct((Colles!$A$2:$A$97=$A21),(Colles!I$2:I$97=$B21),(Colles!$B$2:$B$97))>0,sumproduct((Colles!$A$2:$A$97=$A21),(Colles!I$2:I$97=$B21),(Colles!$B$2:$B$97)),"") -> 15 | N21: =if(sumproduct((Colles!$A$2:$A$97=$A21),(Colles!J$2:J$97=$B21),(Colles!$B$2:$B$97))>0,sumproduct((Colles!$A$2:$A$97=$A21),(Colles!J$2:J$97=$B21),(Colles!$B$2:$B$97)),"") -> 16 | O21: =if(sumproduct((Colles!$A$2:$A$97=$A21),(Colles!K$2:K$97=$B21),(Colles!$B$2:$B$97))>0,sumproduct((Colles!$A$2:$A$97=$A21),(Colles!K$2:K$97=$B21),(Colles!$B$2:$B$97)),"") -> 5 | P21: =if(sumproduct((Colles!$A$2:$A$97=$A21),(Colles!L$2:L$97=$B21),(Colles!$B$2:$B$97))>0,sumproduct((Colles!$A$2:$A$97=$A21),(Colles!L$2:L$97=$B21),(Colles!$B$2:$B$97)),"") -> 14 | Q21: =if(sumproduct((Colles!$A$2:$A$97=$A21),(Colles!M$2:M$97=$B21),(Colles!$B$2:$B$97))>0,sumproduct((Colles!$A$2:$A$97=$A21),(Colles!M$2:M$97=$B21),(Colles!$B$2:$B$97)),"") -> 3 | R21: =if(sumproduct((Colles!$A$2:$A$97=$A21),(Colles!N$2:N$97=$B21),(Colles!$B$2:$B$97))>0,sumproduct((Colles!$A$2:$A$97=$A21),(Colles!N$2:N$97=$B21),(Colles!$B$2:$B$97)),"") -> 10 | S21: =if(sumproduct((Colles!$A$2:$A$97=$A21),(Colles!O$2:O$97=$B21),(Colles!$B$2:$B$97))>0,sumproduct((Colles!$A$2:$A$97=$A21),(Colles!O$2:O$97=$B21),(Colles!$B$2:$B$97)),"") -> 7 | U21: =if(sumproduct((Colles!$A$2:$A$97=$A21),(Colles!Q$2:Q$97=$B21),(Colles!$B$2:$B$97))>0,sumproduct((Colles!$A$2:$A$97=$A21),(Colles!Q$2:Q$97=$B21),(Colles!$B$2:$B$97)),"") | V21: =if(sumproduct((Colles!$A$2:$A$97=$A21),(Colles!R$2:R$97=$B21),(Colles!$B$2:$B$97))>0,sumproduct((Colles!$A$2:$A$97=$A21),(Colles!R$2:R$97=$B21),(Colles!$B$2:$B$97)),"") -> 2 | W21: =if(sumproduct((Colles!$A$2:$A$97=$A21),(Colles!S$2:S$97=$B21),(Colles!$B$2:$B$97))>0,sumproduct((Colles!$A$2:$A$97=$A21),(Colles!S$2:S$97=$B21),(Colles!$B$2:$B$97)),"") -> 9 | Y21: 1 | Z21: =Y21&IF(SUMPRODUCT('Trinômes'!$A$2:$A$48=Z22,'Trinômes'!$D$2:$D$48<>0)+SUMPRODUCT('Trinômes'!$A$2:$A$48=Z23,'Trinômes'!$D$2:$D$48<>0)+SUMPRODUCT('Trinômes'!$A$2:$A$48=Z24,'Trinômes'!$D$2:$D$48<>0)>0," – LV2","") -> 1 | AA21: =Y21+1 -> 2 | AB21: =AA21&IF(SUMPRODUCT('Trinômes'!$A$2:$A$48=AB22,'Trinômes'!$D$2:$D$48<>0)+SUMPRODUCT('Trinômes'!$A$2:$A$48=AB23,'Trinômes'!$D$2:$D$48<>0)+SUMPRODUCT('Trinômes'!$A$2:$A$48=AB24,'Trinômes'!$D$2:$D$48<>0)>0," – LV2","") -> 2
A22: ='Créneaux'!I5 -> Mathématiques | B22: ='Créneaux'!J5 -> 4 | C22: ='Créneaux'!K5 -> M. Franch | D22: =switch('Créneaux'!L5,0,"Lundi",1,"Mardi",2,"Mercredi",3,"Jeudi",4,"Vendredi") -> Mercredi | E22: ='Créneaux'!M5&"h" -> 17h | F22: ='Créneaux'!N5 -> Prépa 23 | G22: =if(sumproduct((Colles!$A$2:$A$97=$A22),(Colles!C$2:C$97=$B22),(Colles!$B$2:$B$97))>0,sumproduct((Colles!$A$2:$A$97=$A22),(Colles!C$2:C$97=$B22),(Colles!$B$2:$B$97)),"") | H22: =if(sumproduct((Colles!$A$2:$A$97=$A22),(Colles!D$2:D$97=$B22),(Colles!$B$2:$B$97))>0,sumproduct((Colles!$A$2:$A$97=$A22),(Colles!D$2:D$97=$B22),(Colles!$B$2:$B$97)),"") -> 11 | I22: =if(sumproduct((Colles!$A$2:$A$97=$A22),(Colles!E$2:E$97=$B22),(Colles!$B$2:$B$97))>0,sumproduct((Colles!$A$2:$A$97=$A22),(Colles!E$2:E$97=$B22),(Colles!$B$2:$B$97)),"") -> 6 | J22: =if(sumproduct((Colles!$A$2:$A$97=$A22),(Colles!F$2:F$97=$B22),(Colles!$B$2:$B$97))>0,sumproduct((Colles!$A$2:$A$97=$A22),(Colles!F$2:F$97=$B22),(Colles!$B$2:$B$97)),"") -> 9 | K22: =if(sumproduct((Colles!$A$2:$A$97=$A22),(Colles!G$2:G$97=$B22),(Colles!$B$2:$B$97))>0,sumproduct((Colles!$A$2:$A$97=$A22),(Colles!G$2:G$97=$B22),(Colles!$B$2:$B$97)),"") -> 8 | M22: =if(sumproduct((Colles!$A$2:$A$97=$A22),(Colles!I$2:I$97=$B22),(Colles!$B$2:$B$97))>0,sumproduct((Colles!$A$2:$A$97=$A22),(Colles!I$2:I$97=$B22),(Colles!$B$2:$B$97)),"") -> 13 | N22: =if(sumproduct((Colles!$A$2:$A$97=$A22),(Colles!J$2:J$97=$B22),(Colles!$B$2:$B$97))>0,sumproduct((Colles!$A$2:$A$97=$A22),(Colles!J$2:J$97=$B22),(Colles!$B$2:$B$97)),"") -> 2 | O22: =if(sumproduct((Colles!$A$2:$A$97=$A22),(Colles!K$2:K$97=$B22),(Colles!$B$2:$B$97))>0,sumproduct((Colles!$A$2:$A$97=$A22),(Colles!K$2:K$97=$B22),(Colles!$B$2:$B$97)),"") -> 13 | P22: =if(sumproduct((Colles!$A$2:$A$97=$A22),(Colles!L$2:L$97=$B22),(Colles!$B$2:$B$97))>0,sumproduct((Colles!$A$2:$A$97=$A22),(Colles!L$2:L$97=$B22),(Colles!$B$2:$B$97)),"") -> 4 | Q22: =if(sumproduct((Colles!$A$2:$A$97=$A22),(Colles!M$2:M$97=$B22),(Colles!$B$2:$B$97))>0,sumproduct((Colles!$A$2:$A$97=$A22),(Colles!M$2:M$97=$B22),(Colles!$B$2:$B$97)),"") -> 11 | R22: =if(sumproduct((Colles!$A$2:$A$97=$A22),(Colles!N$2:N$97=$B22),(Colles!$B$2:$B$97))>0,sumproduct((Colles!$A$2:$A$97=$A22),(Colles!N$2:N$97=$B22),(Colles!$B$2:$B$97)),"") -> 6 | S22: =if(sumproduct((Colles!$A$2:$A$97=$A22),(Colles!O$2:O$97=$B22),(Colles!$B$2:$B$97))>0,sumproduct((Colles!$A$2:$A$97=$A22),(Colles!O$2:O$97=$B22),(Colles!$B$2:$B$97)),"") -> 13 | U22: =if(sumproduct((Colles!$A$2:$A$97=$A22),(Colles!Q$2:Q$97=$B22),(Colles!$B$2:$B$97))>0,sumproduct((Colles!$A$2:$A$97=$A22),(Colles!Q$2:Q$97=$B22),(Colles!$B$2:$B$97)),"") | V22: =if(sumproduct((Colles!$A$2:$A$97=$A22),(Colles!R$2:R$97=$B22),(Colles!$B$2:$B$97))>0,sumproduct((Colles!$A$2:$A$97=$A22),(Colles!R$2:R$97=$B22),(Colles!$B$2:$B$97)),"") -> 10 | W22: =if(sumproduct((Colles!$A$2:$A$97=$A22),(Colles!S$2:S$97=$B22),(Colles!$B$2:$B$97))>0,sumproduct((Colles!$A$2:$A$97=$A22),(Colles!S$2:S$97=$B22),(Colles!$B$2:$B$97)),"") -> 3 | Y22: =Y21 -> 1 | Z22: {=IF(ISERROR(ADDRESS(SUMPRODUCT('Trinômes'!$B$2:$B$48=Y22,'Trinômes'!$C$2:$C$48=COUNTIF(Y$21:Y22,"="&Y22)-1 ,ROW('Trinômes'!$A$2:$A$48)),COLUMN('Trinômes'!$A$1)-COLUMN('Trinômes'!$A$1)+1)),"",indirect("Trinômes!"&ADDRESS(SUMPRODUCT('Trinômes'!$B$2:$B$48=Y22,'Trinômes'!$C$2:$C$48=COUNTIF(Y$21:Y22,"="&Y22)-1 ,ROW('Trinômes'!$A$2:$A$48)),COLUMN('Trinômes'!$A$1)-COLUMN('Trinômes'!$A$1)+1)))} -> ALDEHUELO--LESINSKI Axel | AA22: =AA21 -> 2 | AB22: {=IF(ISERROR(ADDRESS(SUMPRODUCT('Trinômes'!$B$2:$B$48=AA22,'Trinômes'!$C$2:$C$48=COUNTIF(AA$21:AA22,"="&AA22)-1 ,ROW('Trinômes'!$A$2:$A$48)),COLUMN('Trinômes'!$A$1)-COLUMN('Trinômes'!$A$1)+1)),"",indirect("Trinômes!"&ADDRESS(SUMPRODUCT('Trinômes'!$B$2:$B$48=AA22,'Trinômes'!$C$2:$C$48=COUNTIF(AA$21:AA22,"="&AA22)-1 ,ROW('Trinômes'!$A$2:$A$48)),COLUMN('Trinômes'!$A$1)-COLUMN('Trinômes'!$A$1)+1)))} -> BONNEVAL Lucie
A23: ='Créneaux'!I6 -> Mathématiques | B23: ='Créneaux'!J6 -> 5 | C23: ='Créneaux'!K6 -> M. Ghiberti | D23: =switch('Créneaux'!L6,0,"Lundi",1,"Mardi",2,"Mercredi",3,"Jeudi",4,"Vendredi") -> Lundi | E23: ='Créneaux'!M6&"h" -> 17h | F23: ='Créneaux'!N6 -> K22 | G23: =if(sumproduct((Colles!$A$2:$A$97=$A23),(Colles!C$2:C$97=$B23),(Colles!$B$2:$B$97))>0,sumproduct((Colles!$A$2:$A$97=$A23),(Colles!C$2:C$97=$B23),(Colles!$B$2:$B$97)),"") | H23: =if(sumproduct((Colles!$A$2:$A$97=$A23),(Colles!D$2:D$97=$B23),(Colles!$B$2:$B$97))>0,sumproduct((Colles!$A$2:$A$97=$A23),(Colles!D$2:D$97=$B23),(Colles!$B$2:$B$97)),"") -> 7 | I23: =if(sumproduct((Colles!$A$2:$A$97=$A23),(Colles!E$2:E$97=$B23),(Colles!$B$2:$B$97))>0,sumproduct((Colles!$A$2:$A$97=$A23),(Colles!E$2:E$97=$B23),(Colles!$B$2:$B$97)),"") -> 10 | J23: =if(sumproduct((Colles!$A$2:$A$97=$A23),(Colles!F$2:F$97=$B23),(Colles!$B$2:$B$97))>0,sumproduct((Colles!$A$2:$A$97=$A23),(Colles!F$2:F$97=$B23),(Colles!$B$2:$B$97)),"") -> 3 | K23: =if(sumproduct((Colles!$A$2:$A$97=$A23),(Colles!G$2:G$97=$B23),(Colles!$B$2:$B$97))>0,sumproduct((Colles!$A$2:$A$97=$A23),(Colles!G$2:G$97=$B23),(Colles!$B$2:$B$97)),"") -> 16 | M23: =if(sumproduct((Colles!$A$2:$A$97=$A23),(Colles!I$2:I$97=$B23),(Colles!$B$2:$B$97))>0,sumproduct((Colles!$A$2:$A$97=$A23),(Colles!I$2:I$97=$B23),(Colles!$B$2:$B$97)),"") -> 1 | N23: =if(sumproduct((Colles!$A$2:$A$97=$A23),(Colles!J$2:J$97=$B23),(Colles!$B$2:$B$97))>0,sumproduct((Colles!$A$2:$A$97=$A23),(Colles!J$2:J$97=$B23),(Colles!$B$2:$B$97)),"") -> 14 | O23: =if(sumproduct((Colles!$A$2:$A$97=$A23),(Colles!K$2:K$97=$B23),(Colles!$B$2:$B$97))>0,sumproduct((Colles!$A$2:$A$97=$A23),(Colles!K$2:K$97=$B23),(Colles!$B$2:$B$97)),"") -> 3 | P23: =if(sumproduct((Colles!$A$2:$A$97=$A23),(Colles!L$2:L$97=$B23),(Colles!$B$2:$B$97))>0,sumproduct((Colles!$A$2:$A$97=$A23),(Colles!L$2:L$97=$B23),(Colles!$B$2:$B$97)),"") -> 12 | Q23: =if(sumproduct((Colles!$A$2:$A$97=$A23),(Colles!M$2:M$97=$B23),(Colles!$B$2:$B$97))>0,sumproduct((Colles!$A$2:$A$97=$A23),(Colles!M$2:M$97=$B23),(Colles!$B$2:$B$97)),"") -> 7 | R23: =if(sumproduct((Colles!$A$2:$A$97=$A23),(Colles!N$2:N$97=$B23),(Colles!$B$2:$B$97))>0,sumproduct((Colles!$A$2:$A$97=$A23),(Colles!N$2:N$97=$B23),(Colles!$B$2:$B$97)),"") -> 16 | S23: =if(sumproduct((Colles!$A$2:$A$97=$A23),(Colles!O$2:O$97=$B23),(Colles!$B$2:$B$97))>0,sumproduct((Colles!$A$2:$A$97=$A23),(Colles!O$2:O$97=$B23),(Colles!$B$2:$B$97)),"") -> 5 | U23: =if(sumproduct((Colles!$A$2:$A$97=$A23),(Colles!Q$2:Q$97=$B23),(Colles!$B$2:$B$97))>0,sumproduct((Colles!$A$2:$A$97=$A23),(Colles!Q$2:Q$97=$B23),(Colles!$B$2:$B$97)),"") | V23: =if(sumproduct((Colles!$A$2:$A$97=$A23),(Colles!R$2:R$97=$B23),(Colles!$B$2:$B$97))>0,sumproduct((Colles!$A$2:$A$97=$A23),(Colles!R$2:R$97=$B23),(Colles!$B$2:$B$97)),"") -> 8 | W23: =if(sumproduct((Colles!$A$2:$A$97=$A23),(Colles!S$2:S$97=$B23),(Colles!$B$2:$B$97))>0,sumproduct((Colles!$A$2:$A$97=$A23),(Colles!S$2:S$97=$B23),(Colles!$B$2:$B$97)),"") -> 13 | Y23: =Y22 -> 1 | Z23: {=IF(ISERROR(ADDRESS(SUMPRODUCT('Trinômes'!$B$2:$B$48=Y23,'Trinômes'!$C$2:$C$48=COUNTIF(Y$21:Y23,"="&Y23)-1 ,ROW('Trinômes'!$A$2:$A$48)),COLUMN('Trinômes'!$A$1)-COLUMN('Trinômes'!$A$1)+1)),"",indirect("Trinômes!"&ADDRESS(SUMPRODUCT('Trinômes'!$B$2:$B$48=Y23,'Trinômes'!$C$2:$C$48=COUNTIF(Y$21:Y23,"="&Y23)-1 ,ROW('Trinômes'!$A$2:$A$48)),COLUMN('Trinômes'!$A$1)-COLUMN('Trinômes'!$A$1)+1)))} -> ALEXANDRE Romeo | AA23: =AA22 -> 2 | AB23: {=IF(ISERROR(ADDRESS(SUMPRODUCT('Trinômes'!$B$2:$B$48=AA23,'Trinômes'!$C$2:$C$48=COUNTIF(AA$21:AA23,"="&AA23)-1 ,ROW('Trinômes'!$A$2:$A$48)),COLUMN('Trinômes'!$A$1)-COLUMN('Trinômes'!$A$1)+1)),"",indirect("Trinômes!"&ADDRESS(SUMPRODUCT('Trinômes'!$B$2:$B$48=AA23,'Trinômes'!$C$2:$C$48=COUNTIF(AA$21:AA23,"="&AA23)-1 ,ROW('Trinômes'!$A$2:$A$48)),COLUMN('Trinômes'!$A$1)-COLUMN('Trinômes'!$A$1)+1)))} -> BOURDIER Alexandre
A24: ='Créneaux'!I7 -> Mathématiques | B24: ='Créneaux'!J7 -> 6 | C24: ='Créneaux'!K7 -> Mme Peyrelevade | D24: =switch('Créneaux'!L7,0,"Lundi",1,"Mardi",2,"Mercredi",3,"Jeudi",4,"Vendredi") -> Jeudi | E24: ='Créneaux'!M7&"h" -> 13h | F24: ='Créneaux'!N7 -> K22 | G24: =if(sumproduct((Colles!$A$2:$A$97=$A24),(Colles!C$2:C$97=$B24),(Colles!$B$2:$B$97))>0,sumproduct((Colles!$A$2:$A$97=$A24),(Colles!C$2:C$97=$B24),(Colles!$B$2:$B$97)),"") | H24: =if(sumproduct((Colles!$A$2:$A$97=$A24),(Colles!D$2:D$97=$B24),(Colles!$B$2:$B$97))>0,sumproduct((Colles!$A$2:$A$97=$A24),(Colles!D$2:D$97=$B24),(Colles!$B$2:$B$97)),"") -> 9 | I24: =if(sumproduct((Colles!$A$2:$A$97=$A24),(Colles!E$2:E$97=$B24),(Colles!$B$2:$B$97))>0,sumproduct((Colles!$A$2:$A$97=$A24),(Colles!E$2:E$97=$B24),(Colles!$B$2:$B$97)),"") -> 2 | J24: =if(sumproduct((Colles!$A$2:$A$97=$A24),(Colles!F$2:F$97=$B24),(Colles!$B$2:$B$97))>0,sumproduct((Colles!$A$2:$A$97=$A24),(Colles!F$2:F$97=$B24),(Colles!$B$2:$B$97)),"") -> 15 | K24: =if(sumproduct((Colles!$A$2:$A$97=$A24),(Colles!G$2:G$97=$B24),(Colles!$B$2:$B$97))>0,sumproduct((Colles!$A$2:$A$97=$A24),(Colles!G$2:G$97=$B24),(Colles!$B$2:$B$97)),"") -> 4 | M24: =if(sumproduct((Colles!$A$2:$A$97=$A24),(Colles!I$2:I$97=$B24),(Colles!$B$2:$B$97))>0,sumproduct((Colles!$A$2:$A$97=$A24),(Colles!I$2:I$97=$B24),(Colles!$B$2:$B$97)),"") -> 7 | N24: =if(sumproduct((Colles!$A$2:$A$97=$A24),(Colles!J$2:J$97=$B24),(Colles!$B$2:$B$97))>0,sumproduct((Colles!$A$2:$A$97=$A24),(Colles!J$2:J$97=$B24),(Colles!$B$2:$B$97)),"") -> 6 | O24: =if(sumproduct((Colles!$A$2:$A$97=$A24),(Colles!K$2:K$97=$B24),(Colles!$B$2:$B$97))>0,sumproduct((Colles!$A$2:$A$97=$A24),(Colles!K$2:K$97=$B24),(Colles!$B$2:$B$97)),"") -> 15 | P24: =if(sumproduct((Colles!$A$2:$A$97=$A24),(Colles!L$2:L$97=$B24),(Colles!$B$2:$B$97))>0,sumproduct((Colles!$A$2:$A$97=$A24),(Colles!L$2:L$97=$B24),(Colles!$B$2:$B$97)),"") -> 8 | Q24: =if(sumproduct((Colles!$A$2:$A$97=$A24),(Colles!M$2:M$97=$B24),(Colles!$B$2:$B$97))>0,sumproduct((Colles!$A$2:$A$97=$A24),(Colles!M$2:M$97=$B24),(Colles!$B$2:$B$97)),"") -> 9 | R24: =if(sumproduct((Colles!$A$2:$A$97=$A24),(Colles!N$2:N$97=$B24),(Colles!$B$2:$B$97))>0,sumproduct((Colles!$A$2:$A$97=$A24),(Colles!N$2:N$97=$B24),(Colles!$B$2:$B$97)),"") -> 2 | S24: =if(sumproduct((Colles!$A$2:$A$97=$A24),(Colles!O$2:O$97=$B24),(Colles!$B$2:$B$97))>0,sumproduct((Colles!$A$2:$A$97=$A24),(Colles!O$2:O$97=$B24),(Colles!$B$2:$B$97)),"") -> 15 | U24: =if(sumproduct((Colles!$A$2:$A$97=$A24),(Colles!Q$2:Q$97=$B24),(Colles!$B$2:$B$97))>0,sumproduct((Colles!$A$2:$A$97=$A24),(Colles!Q$2:Q$97=$B24),(Colles!$B$2:$B$97)),"") | V24: =if(sumproduct((Colles!$A$2:$A$97=$A24),(Colles!R$2:R$97=$B24),(Colles!$B$2:$B$97))>0,sumproduct((Colles!$A$2:$A$97=$A24),(Colles!R$2:R$97=$B24),(Colles!$B$2:$B$97)),"") -> 14 | W24: =if(sumproduct((Colles!$A$2:$A$97=$A24),(Colles!S$2:S$97=$B24),(Colles!$B$2:$B$97))>0,sumproduct((Colles!$A$2:$A$97=$A24),(Colles!S$2:S$97=$B24),(Colles!$B$2:$B$97)),"") -> 7 | Y24: =Y23 -> 1 | Z24: {=IF(ISERROR(ADDRESS(SUMPRODUCT('Trinômes'!$B$2:$B$48=Y24,'Trinômes'!$C$2:$C$48=COUNTIF(Y$21:Y24,"="&Y24)-1 ,ROW('Trinômes'!$A$2:$A$48)),COLUMN('Trinômes'!$A$1)-COLUMN('Trinômes'!$A$1)+1)),"",indirect("Trinômes!"&ADDRESS(SUMPRODUCT('Trinômes'!$B$2:$B$48=Y24,'Trinômes'!$C$2:$C$48=COUNTIF(Y$21:Y24,"="&Y24)-1 ,ROW('Trinômes'!$A$2:$A$48)),COLUMN('Trinômes'!$A$1)-COLUMN('Trinômes'!$A$1)+1)))} -> BIGATI Jules | AA24: =AA23 -> 2 | AB24: {=IF(ISERROR(ADDRESS(SUMPRODUCT('Trinômes'!$B$2:$B$48=AA24,'Trinômes'!$C$2:$C$48=COUNTIF(AA$21:AA24,"="&AA24)-1 ,ROW('Trinômes'!$A$2:$A$48)),COLUMN('Trinômes'!$A$1)-COLUMN('Trinômes'!$A$1)+1)),"",indirect("Trinômes!"&ADDRESS(SUMPRODUCT('Trinômes'!$B$2:$B$48=AA24,'Trinômes'!$C$2:$C$48=COUNTIF(AA$21:AA24,"="&AA24)-1 ,ROW('Trinômes'!$A$2:$A$48)),COLUMN('Trinômes'!$A$1)-COLUMN('Trinômes'!$A$1)+1)))} -> BROWNE Nora
A25: ='Créneaux'!I8 -> Mathématiques | B25: ='Créneaux'!J8 -> 7 | C25: ='Créneaux'!K8 -> Mme Royer | D25: =switch('Créneaux'!L8,0,"Lundi",1,"Mardi",2,"Mercredi",3,"Jeudi",4,"Vendredi") -> Jeudi | E25: ='Créneaux'!M8&"h" -> 17h | F25: ='Créneaux'!N8 -> Prépa 22 | G25: =if(sumproduct((Colles!$A$2:$A$97=$A25),(Colles!C$2:C$97=$B25),(Colles!$B$2:$B$97))>0,sumproduct((Colles!$A$2:$A$97=$A25),(Colles!C$2:C$97=$B25),(Colles!$B$2:$B$97)),"") | H25: =if(sumproduct((Colles!$A$2:$A$97=$A25),(Colles!D$2:D$97=$B25),(Colles!$B$2:$B$97))>0,sumproduct((Colles!$A$2:$A$97=$A25),(Colles!D$2:D$97=$B25),(Colles!$B$2:$B$97)),"") -> 13 | I25: =if(sumproduct((Colles!$A$2:$A$97=$A25),(Colles!E$2:E$97=$B25),(Colles!$B$2:$B$97))>0,sumproduct((Colles!$A$2:$A$97=$A25),(Colles!E$2:E$97=$B25),(Colles!$B$2:$B$97)),"") -> 8 | J25: =if(sumproduct((Colles!$A$2:$A$97=$A25),(Colles!F$2:F$97=$B25),(Colles!$B$2:$B$97))>0,sumproduct((Colles!$A$2:$A$97=$A25),(Colles!F$2:F$97=$B25),(Colles!$B$2:$B$97)),"") -> 11 | K25: =if(sumproduct((Colles!$A$2:$A$97=$A25),(Colles!G$2:G$97=$B25),(Colles!$B$2:$B$97))>0,sumproduct((Colles!$A$2:$A$97=$A25),(Colles!G$2:G$97=$B25),(Colles!$B$2:$B$97)),"") -> 2 | M25: =if(sumproduct((Colles!$A$2:$A$97=$A25),(Colles!I$2:I$97=$B25),(Colles!$B$2:$B$97))>0,sumproduct((Colles!$A$2:$A$97=$A25),(Colles!I$2:I$97=$B25),(Colles!$B$2:$B$97)),"") -> 9 | N25: =if(sumproduct((Colles!$A$2:$A$97=$A25),(Colles!J$2:J$97=$B25),(Colles!$B$2:$B$97))>0,sumproduct((Colles!$A$2:$A$97=$A25),(Colles!J$2:J$97=$B25),(Colles!$B$2:$B$97)),"") -> 4 | O25: =if(sumproduct((Colles!$A$2:$A$97=$A25),(Colles!K$2:K$97=$B25),(Colles!$B$2:$B$97))>0,sumproduct((Colles!$A$2:$A$97=$A25),(Colles!K$2:K$97=$B25),(Colles!$B$2:$B$97)),"") -> 11 | P25: =if(sumproduct((Colles!$A$2:$A$97=$A25),(Colles!L$2:L$97=$B25),(Colles!$B$2:$B$97))>0,sumproduct((Colles!$A$2:$A$97=$A25),(Colles!L$2:L$97=$B25),(Colles!$B$2:$B$97)),"") -> 6 | Q25: =if(sumproduct((Colles!$A$2:$A$97=$A25),(Colles!M$2:M$97=$B25),(Colles!$B$2:$B$97))>0,sumproduct((Colles!$A$2:$A$97=$A25),(Colles!M$2:M$97=$B25),(Colles!$B$2:$B$97)),"") -> 13 | R25: =if(sumproduct((Colles!$A$2:$A$97=$A25),(Colles!N$2:N$97=$B25),(Colles!$B$2:$B$97))>0,sumproduct((Colles!$A$2:$A$97=$A25),(Colles!N$2:N$97=$B25),(Colles!$B$2:$B$97)),"") -> 8 | S25: =if(sumproduct((Colles!$A$2:$A$97=$A25),(Colles!O$2:O$97=$B25),(Colles!$B$2:$B$97))>0,sumproduct((Colles!$A$2:$A$97=$A25),(Colles!O$2:O$97=$B25),(Colles!$B$2:$B$97)),"") -> 11 | U25: =if(sumproduct((Colles!$A$2:$A$97=$A25),(Colles!Q$2:Q$97=$B25),(Colles!$B$2:$B$97))>0,sumproduct((Colles!$A$2:$A$97=$A25),(Colles!Q$2:Q$97=$B25),(Colles!$B$2:$B$97)),"") | V25: =if(sumproduct((Colles!$A$2:$A$97=$A25),(Colles!R$2:R$97=$B25),(Colles!$B$2:$B$97))>0,sumproduct((Colles!$A$2:$A$97=$A25),(Colles!R$2:R$97=$B25),(Colles!$B$2:$B$97)),"") -> 12 | W25: =if(sumproduct((Colles!$A$2:$A$97=$A25),(Colles!S$2:S$97=$B25),(Colles!$B$2:$B$97))>0,sumproduct((Colles!$A$2:$A$97=$A25),(Colles!S$2:S$97=$B25),(Colles!$B$2:$B$97)),"") -> 5 | Y25: =Y24 -> 1 | AA25: =AA24 -> 2
A26: ='Créneaux'!I9 -> Mathématiques | B26: ='Créneaux'!J9 -> 8 | C26: ='Créneaux'!K9 -> Mme Royer | D26: =switch('Créneaux'!L9,0,"Lundi",1,"Mardi",2,"Mercredi",3,"Jeudi",4,"Vendredi") -> Jeudi | E26: ='Créneaux'!M9&"h" -> 18h | F26: ='Créneaux'!N9 -> Prépa 22 | G26: =if(sumproduct((Colles!$A$2:$A$97=$A26),(Colles!C$2:C$97=$B26),(Colles!$B$2:$B$97))>0,sumproduct((Colles!$A$2:$A$97=$A26),(Colles!C$2:C$97=$B26),(Colles!$B$2:$B$97)),"") | H26: =if(sumproduct((Colles!$A$2:$A$97=$A26),(Colles!D$2:D$97=$B26),(Colles!$B$2:$B$97))>0,sumproduct((Colles!$A$2:$A$97=$A26),(Colles!D$2:D$97=$B26),(Colles!$B$2:$B$97)),"") -> 5 | I26: =if(sumproduct((Colles!$A$2:$A$97=$A26),(Colles!E$2:E$97=$B26),(Colles!$B$2:$B$97))>0,sumproduct((Colles!$A$2:$A$97=$A26),(Colles!E$2:E$97=$B26),(Colles!$B$2:$B$97)),"") -> 12 | J26: =if(sumproduct((Colles!$A$2:$A$97=$A26),(Colles!F$2:F$97=$B26),(Colles!$B$2:$B$97))>0,sumproduct((Colles!$A$2:$A$97=$A26),(Colles!F$2:F$97=$B26),(Colles!$B$2:$B$97)),"") -> 1 | K26: =if(sumproduct((Colles!$A$2:$A$97=$A26),(Colles!G$2:G$97=$B26),(Colles!$B$2:$B$97))>0,sumproduct((Colles!$A$2:$A$97=$A26),(Colles!G$2:G$97=$B26),(Colles!$B$2:$B$97)),"") -> 14 | M26: =if(sumproduct((Colles!$A$2:$A$97=$A26),(Colles!I$2:I$97=$B26),(Colles!$B$2:$B$97))>0,sumproduct((Colles!$A$2:$A$97=$A26),(Colles!I$2:I$97=$B26),(Colles!$B$2:$B$97)),"") -> 3 | N26: =if(sumproduct((Colles!$A$2:$A$97=$A26),(Colles!J$2:J$97=$B26),(Colles!$B$2:$B$97))>0,sumproduct((Colles!$A$2:$A$97=$A26),(Colles!J$2:J$97=$B26),(Colles!$B$2:$B$97)),"") -> 12 | O26: =if(sumproduct((Colles!$A$2:$A$97=$A26),(Colles!K$2:K$97=$B26),(Colles!$B$2:$B$97))>0,sumproduct((Colles!$A$2:$A$97=$A26),(Colles!K$2:K$97=$B26),(Colles!$B$2:$B$97)),"") -> 1 | P26: =if(sumproduct((Colles!$A$2:$A$97=$A26),(Colles!L$2:L$97=$B26),(Colles!$B$2:$B$97))>0,sumproduct((Colles!$A$2:$A$97=$A26),(Colles!L$2:L$97=$B26),(Colles!$B$2:$B$97)),"") -> 10 | Q26: =if(sumproduct((Colles!$A$2:$A$97=$A26),(Colles!M$2:M$97=$B26),(Colles!$B$2:$B$97))>0,sumproduct((Colles!$A$2:$A$97=$A26),(Colles!M$2:M$97=$B26),(Colles!$B$2:$B$97)),"") -> 5 | R26: =if(sumproduct((Colles!$A$2:$A$97=$A26),(Colles!N$2:N$97=$B26),(Colles!$B$2:$B$97))>0,sumproduct((Colles!$A$2:$A$97=$A26),(Colles!N$2:N$97=$B26),(Colles!$B$2:$B$97)),"") -> 12 | S26: =if(sumproduct((Colles!$A$2:$A$97=$A26),(Colles!O$2:O$97=$B26),(Colles!$B$2:$B$97))>0,sumproduct((Colles!$A$2:$A$97=$A26),(Colles!O$2:O$97=$B26),(Colles!$B$2:$B$97)),"") -> 1 | U26: =if(sumproduct((Colles!$A$2:$A$97=$A26),(Colles!Q$2:Q$97=$B26),(Colles!$B$2:$B$97))>0,sumproduct((Colles!$A$2:$A$97=$A26),(Colles!Q$2:Q$97=$B26),(Colles!$B$2:$B$97)),"") | V26: =if(sumproduct((Colles!$A$2:$A$97=$A26),(Colles!R$2:R$97=$B26),(Colles!$B$2:$B$97))>0,sumproduct((Colles!$A$2:$A$97=$A26),(Colles!R$2:R$97=$B26),(Colles!$B$2:$B$97)),"") -> 6 | W26: =if(sumproduct((Colles!$A$2:$A$97=$A26),(Colles!S$2:S$97=$B26),(Colles!$B$2:$B$97))>0,sumproduct((Colles!$A$2:$A$97=$A26),(Colles!S$2:S$97=$B26),(Colles!$B$2:$B$97)),"") -> 11 | Y26: =AA21+1 -> 3 | Z26: =Y26&IF(SUMPRODUCT('Trinômes'!$A$2:$A$48=Z27,'Trinômes'!$D$2:$D$48<>0)+SUMPRODUCT('Trinômes'!$A$2:$A$48=Z28,'Trinômes'!$D$2:$D$48<>0)+SUMPRODUCT('Trinômes'!$A$2:$A$48=Z29,'Trinômes'!$D$2:$D$48<>0)>0," – LV2","") -> 3 | AA26: =Y26+1 -> 4 | AB26: =AA26&IF(SUMPRODUCT('Trinômes'!$A$2:$A$48=AB27,'Trinômes'!$D$2:$D$48<>0)+SUMPRODUCT('Trinômes'!$A$2:$A$48=AB28,'Trinômes'!$D$2:$D$48<>0)+SUMPRODUCT('Trinômes'!$A$2:$A$48=AB29,'Trinômes'!$D$2:$D$48<>0)>0," – LV2","") -> 4
C27: =A28 -> Anglais | Y27: =Y26 -> 3 | Z27: {=IF(ISERROR(ADDRESS(SUMPRODUCT('Trinômes'!$B$2:$B$48=Y27,'Trinômes'!$C$2:$C$48=COUNTIF(Y$21:Y27,"="&Y27)-1 ,ROW('Trinômes'!$A$2:$A$48)),COLUMN('Trinômes'!$A$1)-COLUMN('Trinômes'!$A$1)+1)),"",indirect("Trinômes!"&ADDRESS(SUMPRODUCT('Trinômes'!$B$2:$B$48=Y27,'Trinômes'!$C$2:$C$48=COUNTIF(Y$21:Y27,"="&Y27)-1 ,ROW('Trinômes'!$A$2:$A$48)),COLUMN('Trinômes'!$A$1)-COLUMN('Trinômes'!$A$1)+1)))} -> BUGEA--GENOVESE Gaëtan | AA27: =AA26 -> 4 | AB27: {=IF(ISERROR(ADDRESS(SUMPRODUCT('Trinômes'!$B$2:$B$48=AA27,'Trinômes'!$C$2:$C$48=COUNTIF(AA$21:AA27,"="&AA27)-1 ,ROW('Trinômes'!$A$2:$A$48)),COLUMN('Trinômes'!$A$1)-COLUMN('Trinômes'!$A$1)+1)),"",indirect("Trinômes!"&ADDRESS(SUMPRODUCT('Trinômes'!$B$2:$B$48=AA27,'Trinômes'!$C$2:$C$48=COUNTIF(AA$21:AA27,"="&AA27)-1 ,ROW('Trinômes'!$A$2:$A$48)),COLUMN('Trinômes'!$A$1)-COLUMN('Trinômes'!$A$1)+1)))} -> CASTAGNER Hugo
A28: ='Créneaux'!I10 -> Anglais | B28: ='Créneaux'!J10 -> 1 | C28: ='Créneaux'!K10 -> Mme Calvin | D28: =switch('Créneaux'!L10,0,"Lundi",1,"Mardi",2,"Mercredi",3,"Jeudi",4,"Vendredi") -> Lundi | E28: ='Créneaux'!M10&"h" -> 16h | F28: ='Créneaux'!N10 -> Prépa 14 | G28: =if(sumproduct((Colles!$A$2:$A$97=$A28),(Colles!C$2:C$97=$B28),(Colles!$B$2:$B$97))>0,sumproduct((Colles!$A$2:$A$97=$A28),(Colles!C$2:C$97=$B28),(Colles!$B$2:$B$97)),"") | H28: =if(sumproduct((Colles!$A$2:$A$97=$A28),(Colles!D$2:D$97=$B28),(Colles!$B$2:$B$97))>0,sumproduct((Colles!$A$2:$A$97=$A28),(Colles!D$2:D$97=$B28),(Colles!$B$2:$B$97)),"") -> 9 | I28: =if(sumproduct((Colles!$A$2:$A$97=$A28),(Colles!E$2:E$97=$B28),(Colles!$B$2:$B$97))>0,sumproduct((Colles!$A$2:$A$97=$A28),(Colles!E$2:E$97=$B28),(Colles!$B$2:$B$97)),"") -> 2 | J28: =if(sumproduct((Colles!$A$2:$A$97=$A28),(Colles!F$2:F$97=$B28),(Colles!$B$2:$B$97))>0,sumproduct((Colles!$A$2:$A$97=$A28),(Colles!F$2:F$97=$B28),(Colles!$B$2:$B$97)),"") -> 15 | K28: =if(sumproduct((Colles!$A$2:$A$97=$A28),(Colles!G$2:G$97=$B28),(Colles!$B$2:$B$97))>0,sumproduct((Colles!$A$2:$A$97=$A28),(Colles!G$2:G$97=$B28),(Colles!$B$2:$B$97)),"") -> 4 | M28: =if(sumproduct((Colles!$A$2:$A$97=$A28),(Colles!I$2:I$97=$B28),(Colles!$B$2:$B$97))>0,sumproduct((Colles!$A$2:$A$97=$A28),(Colles!I$2:I$97=$B28),(Colles!$B$2:$B$97)),"") -> 7 | N28: =if(sumproduct((Colles!$A$2:$A$97=$A28),(Colles!J$2:J$97=$B28),(Colles!$B$2:$B$97))>0,sumproduct((Colles!$A$2:$A$97=$A28),(Colles!J$2:J$97=$B28),(Colles!$B$2:$B$97)),"") -> 6 | O28: =if(sumproduct((Colles!$A$2:$A$97=$A28),(Colles!K$2:K$97=$B28),(Colles!$B$2:$B$97))>0,sumproduct((Colles!$A$2:$A$97=$A28),(Colles!K$2:K$97=$B28),(Colles!$B$2:$B$97)),"") -> 15 | P28: =if(sumproduct((Colles!$A$2:$A$97=$A28),(Colles!L$2:L$97=$B28),(Colles!$B$2:$B$97))>0,sumproduct((Colles!$A$2:$A$97=$A28),(Colles!L$2:L$97=$B28),(Colles!$B$2:$B$97)),"") -> 8 | Q28: =if(sumproduct((Colles!$A$2:$A$97=$A28),(Colles!M$2:M$97=$B28),(Colles!$B$2:$B$97))>0,sumproduct((Colles!$A$2:$A$97=$A28),(Colles!M$2:M$97=$B28),(Colles!$B$2:$B$97)),"") -> 9 | R28: =if(sumproduct((Colles!$A$2:$A$97=$A28),(Colles!N$2:N$97=$B28),(Colles!$B$2:$B$97))>0,sumproduct((Colles!$A$2:$A$97=$A28),(Colles!N$2:N$97=$B28),(Colles!$B$2:$B$97)),"") -> 2 | S28: =if(sumproduct((Colles!$A$2:$A$97=$A28),(Colles!O$2:O$97=$B28),(Colles!$B$2:$B$97))>0,sumproduct((Colles!$A$2:$A$97=$A28),(Colles!O$2:O$97=$B28),(Colles!$B$2:$B$97)),"") -> 15 | U28: =if(sumproduct((Colles!$A$2:$A$97=$A28),(Colles!Q$2:Q$97=$B28),(Colles!$B$2:$B$97))>0,sumproduct((Colles!$A$2:$A$97=$A28),(Colles!Q$2:Q$97=$B28),(Colles!$B$2:$B$97)),"") | V28: =if(sumproduct((Colles!$A$2:$A$97=$A28),(Colles!R$2:R$97=$B28),(Colles!$B$2:$B$97))>0,sumproduct((Colles!$A$2:$A$97=$A28),(Colles!R$2:R$97=$B28),(Colles!$B$2:$B$97)),"") -> 14 | W28: =if(sumproduct((Colles!$A$2:$A$97=$A28),(Colles!S$2:S$97=$B28),(Colles!$B$2:$B$97))>0,sumproduct((Colles!$A$2:$A$97=$A28),(Colles!S$2:S$97=$B28),(Colles!$B$2:$B$97)),"") -> 7 | Y28: =Y27 -> 3 | Z28: {=IF(ISERROR(ADDRESS(SUMPRODUCT('Trinômes'!$B$2:$B$48=Y28,'Trinômes'!$C$2:$C$48=COUNTIF(Y$21:Y28,"="&Y28)-1 ,ROW('Trinômes'!$A$2:$A$48)),COLUMN('Trinômes'!$A$1)-COLUMN('Trinômes'!$A$1)+1)),"",indirect("Trinômes!"&ADDRESS(SUMPRODUCT('Trinômes'!$B$2:$B$48=Y28,'Trinômes'!$C$2:$C$48=COUNTIF(Y$21:Y28,"="&Y28)-1 ,ROW('Trinômes'!$A$2:$A$48)),COLUMN('Trinômes'!$A$1)-COLUMN('Trinômes'!$A$1)+1)))} -> CALISTI Ange | AA28: =AA27 -> 4 | AB28: {=IF(ISERROR(ADDRESS(SUMPRODUCT('Trinômes'!$B$2:$B$48=AA28,'Trinômes'!$C$2:$C$48=COUNTIF(AA$21:AA28,"="&AA28)-1 ,ROW('Trinômes'!$A$2:$A$48)),COLUMN('Trinômes'!$A$1)-COLUMN('Trinômes'!$A$1)+1)),"",indirect("Trinômes!"&ADDRESS(SUMPRODUCT('Trinômes'!$B$2:$B$48=AA28,'Trinômes'!$C$2:$C$48=COUNTIF(AA$21:AA28,"="&AA28)-1 ,ROW('Trinômes'!$A$2:$A$48)),COLUMN('Trinômes'!$A$1)-COLUMN('Trinômes'!$A$1)+1)))} -> CATHALA Andrea
A29: ='Créneaux'!I11 -> Anglais | B29: ='Créneaux'!J11 -> 2 | C29: ='Créneaux'!K11 -> Mme Calvin | D29: =switch('Créneaux'!L11,0,"Lundi",1,"Mardi",2,"Mercredi",3,"Jeudi",4,"Vendredi") -> Mercredi | E29: ='Créneaux'!M11&"h" -> 15h | F29: ='Créneaux'!N11 -> K25 | G29: =if(sumproduct((Colles!$A$2:$A$97=$A29),(Colles!C$2:C$97=$B29),(Colles!$B$2:$B$97))>0,sumproduct((Colles!$A$2:$A$97=$A29),(Colles!C$2:C$97=$B29),(Colles!$B$2:$B$97)),"") | H29: =if(sumproduct((Colles!$A$2:$A$97=$A29),(Colles!D$2:D$97=$B29),(Colles!$B$2:$B$97))>0,sumproduct((Colles!$A$2:$A$97=$A29),(Colles!D$2:D$97=$B29),(Colles!$B$2:$B$97)),"") -> 5 | I29: =if(sumproduct((Colles!$A$2:$A$97=$A29),(Colles!E$2:E$97=$B29),(Colles!$B$2:$B$97))>0,sumproduct((Colles!$A$2:$A$97=$A29),(Colles!E$2:E$97=$B29),(Colles!$B$2:$B$97)),"") -> 12 | J29: =if(sumproduct((Colles!$A$2:$A$97=$A29),(Colles!F$2:F$97=$B29),(Colles!$B$2:$B$97))>0,sumproduct((Colles!$A$2:$A$97=$A29),(Colles!F$2:F$97=$B29),(Colles!$B$2:$B$97)),"") -> 1 | K29: =if(sumproduct((Colles!$A$2:$A$97=$A29),(Colles!G$2:G$97=$B29),(Colles!$B$2:$B$97))>0,sumproduct((Colles!$A$2:$A$97=$A29),(Colles!G$2:G$97=$B29),(Colles!$B$2:$B$97)),"") -> 16 | M29: =if(sumproduct((Colles!$A$2:$A$97=$A29),(Colles!I$2:I$97=$B29),(Colles!$B$2:$B$97))>0,sumproduct((Colles!$A$2:$A$97=$A29),(Colles!I$2:I$97=$B29),(Colles!$B$2:$B$97)),"") -> 3 | N29: =if(sumproduct((Colles!$A$2:$A$97=$A29),(Colles!J$2:J$97=$B29),(Colles!$B$2:$B$97))>0,sumproduct((Colles!$A$2:$A$97=$A29),(Colles!J$2:J$97=$B29),(Colles!$B$2:$B$97)),"") -> 12 | O29: =if(sumproduct((Colles!$A$2:$A$97=$A29),(Colles!K$2:K$97=$B29),(Colles!$B$2:$B$97))>0,sumproduct((Colles!$A$2:$A$97=$A29),(Colles!K$2:K$97=$B29),(Colles!$B$2:$B$97)),"") -> 1 | P29: =if(sumproduct((Colles!$A$2:$A$97=$A29),(Colles!L$2:L$97=$B29),(Colles!$B$2:$B$97))>0,sumproduct((Colles!$A$2:$A$97=$A29),(Colles!L$2:L$97=$B29),(Colles!$B$2:$B$97)),"") -> 10 | Q29: =if(sumproduct((Colles!$A$2:$A$97=$A29),(Colles!M$2:M$97=$B29),(Colles!$B$2:$B$97))>0,sumproduct((Colles!$A$2:$A$97=$A29),(Colles!M$2:M$97=$B29),(Colles!$B$2:$B$97)),"") -> 5 | R29: =if(sumproduct((Colles!$A$2:$A$97=$A29),(Colles!N$2:N$97=$B29),(Colles!$B$2:$B$97))>0,sumproduct((Colles!$A$2:$A$97=$A29),(Colles!N$2:N$97=$B29),(Colles!$B$2:$B$97)),"") -> 12 | S29: =if(sumproduct((Colles!$A$2:$A$97=$A29),(Colles!O$2:O$97=$B29),(Colles!$B$2:$B$97))>0,sumproduct((Colles!$A$2:$A$97=$A29),(Colles!O$2:O$97=$B29),(Colles!$B$2:$B$97)),"") -> 1 | U29: =if(sumproduct((Colles!$A$2:$A$97=$A29),(Colles!Q$2:Q$97=$B29),(Colles!$B$2:$B$97))>0,sumproduct((Colles!$A$2:$A$97=$A29),(Colles!Q$2:Q$97=$B29),(Colles!$B$2:$B$97)),"") | V29: =if(sumproduct((Colles!$A$2:$A$97=$A29),(Colles!R$2:R$97=$B29),(Colles!$B$2:$B$97))>0,sumproduct((Colles!$A$2:$A$97=$A29),(Colles!R$2:R$97=$B29),(Colles!$B$2:$B$97)),"") -> 6 | W29: =if(sumproduct((Colles!$A$2:$A$97=$A29),(Colles!S$2:S$97=$B29),(Colles!$B$2:$B$97))>0,sumproduct((Colles!$A$2:$A$97=$A29),(Colles!S$2:S$97=$B29),(Colles!$B$2:$B$97)),"") -> 11 | Y29: =Y28 -> 3 | Z29: {=IF(ISERROR(ADDRESS(SUMPRODUCT('Trinômes'!$B$2:$B$48=Y29,'Trinômes'!$C$2:$C$48=COUNTIF(Y$21:Y29,"="&Y29)-1 ,ROW('Trinômes'!$A$2:$A$48)),COLUMN('Trinômes'!$A$1)-COLUMN('Trinômes'!$A$1)+1)),"",indirect("Trinômes!"&ADDRESS(SUMPRODUCT('Trinômes'!$B$2:$B$48=Y29,'Trinômes'!$C$2:$C$48=COUNTIF(Y$21:Y29,"="&Y29)-1 ,ROW('Trinômes'!$A$2:$A$48)),COLUMN('Trinômes'!$A$1)-COLUMN('Trinômes'!$A$1)+1)))} -> CARNAILLE Alexis | AA29: =AA28 -> 4 | AB29: {=IF(ISERROR(ADDRESS(SUMPRODUCT('Trinômes'!$B$2:$B$48=AA29,'Trinômes'!$C$2:$C$48=COUNTIF(AA$21:AA29,"="&AA29)-1 ,ROW('Trinômes'!$A$2:$A$48)),COLUMN('Trinômes'!$A$1)-COLUMN('Trinômes'!$A$1)+1)),"",indirect("Trinômes!"&ADDRESS(SUMPRODUCT('Trinômes'!$B$2:$B$48=AA29,'Trinômes'!$C$2:$C$48=COUNTIF(AA$21:AA29,"="&AA29)-1 ,ROW('Trinômes'!$A$2:$A$48)),COLUMN('Trinômes'!$A$1)-COLUMN('Trinômes'!$A$1)+1)))} -> CESARI Elia
A30: ='Créneaux'!I12 -> Anglais | B30: ='Créneaux'!J12 -> 3 | C30: ='Créneaux'!K12 -> M. Ceccarelli | D30: =switch('Créneaux'!L12,0,"Lundi",1,"Mardi",2,"Mercredi",3,"Jeudi",4,"Vendredi") -> Mercredi | E30: ='Créneaux'!M12&"h" -> 15h | F30: ='Créneaux'!N12 -> K24 | G30: =if(sumproduct((Colles!$A$2:$A$97=$A30),(Colles!C$2:C$97=$B30),(Colles!$B$2:$B$97))>0,sumproduct((Colles!$A$2:$A$97=$A30),(Colles!C$2:C$97=$B30),(Colles!$B$2:$B$97)),"") | H30: =if(sumproduct((Colles!$A$2:$A$97=$A30),(Colles!D$2:D$97=$B30),(Colles!$B$2:$B$97))>0,sumproduct((Colles!$A$2:$A$97=$A30),(Colles!D$2:D$97=$B30),(Colles!$B$2:$B$97)),"") -> 7 | I30: =if(sumproduct((Colles!$A$2:$A$97=$A30),(Colles!E$2:E$97=$B30),(Colles!$B$2:$B$97))>0,sumproduct((Colles!$A$2:$A$97=$A30),(Colles!E$2:E$97=$B30),(Colles!$B$2:$B$97)),"") -> 10 | J30: =if(sumproduct((Colles!$A$2:$A$97=$A30),(Colles!F$2:F$97=$B30),(Colles!$B$2:$B$97))>0,sumproduct((Colles!$A$2:$A$97=$A30),(Colles!F$2:F$97=$B30),(Colles!$B$2:$B$97)),"") -> 3 | K30: =if(sumproduct((Colles!$A$2:$A$97=$A30),(Colles!G$2:G$97=$B30),(Colles!$B$2:$B$97))>0,sumproduct((Colles!$A$2:$A$97=$A30),(Colles!G$2:G$97=$B30),(Colles!$B$2:$B$97)),"") -> 14 | M30: =if(sumproduct((Colles!$A$2:$A$97=$A30),(Colles!I$2:I$97=$B30),(Colles!$B$2:$B$97))>0,sumproduct((Colles!$A$2:$A$97=$A30),(Colles!I$2:I$97=$B30),(Colles!$B$2:$B$97)),"") -> 9 | N30: =if(sumproduct((Colles!$A$2:$A$97=$A30),(Colles!J$2:J$97=$B30),(Colles!$B$2:$B$97))>0,sumproduct((Colles!$A$2:$A$97=$A30),(Colles!J$2:J$97=$B30),(Colles!$B$2:$B$97)),"") -> 14 | O30: =if(sumproduct((Colles!$A$2:$A$97=$A30),(Colles!K$2:K$97=$B30),(Colles!$B$2:$B$97))>0,sumproduct((Colles!$A$2:$A$97=$A30),(Colles!K$2:K$97=$B30),(Colles!$B$2:$B$97)),"") -> 3 | P30: =if(sumproduct((Colles!$A$2:$A$97=$A30),(Colles!L$2:L$97=$B30),(Colles!$B$2:$B$97))>0,sumproduct((Colles!$A$2:$A$97=$A30),(Colles!L$2:L$97=$B30),(Colles!$B$2:$B$97)),"") -> 12 | Q30: =if(sumproduct((Colles!$A$2:$A$97=$A30),(Colles!M$2:M$97=$B30),(Colles!$B$2:$B$97))>0,sumproduct((Colles!$A$2:$A$97=$A30),(Colles!M$2:M$97=$B30),(Colles!$B$2:$B$97)),"") -> 7 | R30: =if(sumproduct((Colles!$A$2:$A$97=$A30),(Colles!N$2:N$97=$B30),(Colles!$B$2:$B$97))>0,sumproduct((Colles!$A$2:$A$97=$A30),(Colles!N$2:N$97=$B30),(Colles!$B$2:$B$97)),"") -> 16 | S30: =if(sumproduct((Colles!$A$2:$A$97=$A30),(Colles!O$2:O$97=$B30),(Colles!$B$2:$B$97))>0,sumproduct((Colles!$A$2:$A$97=$A30),(Colles!O$2:O$97=$B30),(Colles!$B$2:$B$97)),"") -> 5 | U30: =if(sumproduct((Colles!$A$2:$A$97=$A30),(Colles!Q$2:Q$97=$B30),(Colles!$B$2:$B$97))>0,sumproduct((Colles!$A$2:$A$97=$A30),(Colles!Q$2:Q$97=$B30),(Colles!$B$2:$B$97)),"") | V30: =if(sumproduct((Colles!$A$2:$A$97=$A30),(Colles!R$2:R$97=$B30),(Colles!$B$2:$B$97))>0,sumproduct((Colles!$A$2:$A$97=$A30),(Colles!R$2:R$97=$B30),(Colles!$B$2:$B$97)),"") -> 8 | W30: =if(sumproduct((Colles!$A$2:$A$97=$A30),(Colles!S$2:S$97=$B30),(Colles!$B$2:$B$97))>0,sumproduct((Colles!$A$2:$A$97=$A30),(Colles!S$2:S$97=$B30),(Colles!$B$2:$B$97)),"") -> 13 | Y30: =Y29 -> 3 | AA30: =AA29 -> 4
A31: ='Créneaux'!I13 -> Anglais | B31: ='Créneaux'!J13 -> 4 | C31: ='Créneaux'!K13 -> M. Ceccarelli | D31: =switch('Créneaux'!L13,0,"Lundi",1,"Mardi",2,"Mercredi",3,"Jeudi",4,"Vendredi") -> Mercredi | E31: ='Créneaux'!M13&"h" -> 16h | F31: ='Créneaux'!N13 -> K24 | G31: =if(sumproduct((Colles!$A$2:$A$97=$A31),(Colles!C$2:C$97=$B31),(Colles!$B$2:$B$97))>0,sumproduct((Colles!$A$2:$A$97=$A31),(Colles!C$2:C$97=$B31),(Colles!$B$2:$B$97)),"") | H31: =if(sumproduct((Colles!$A$2:$A$97=$A31),(Colles!D$2:D$97=$B31),(Colles!$B$2:$B$97))>0,sumproduct((Colles!$A$2:$A$97=$A31),(Colles!D$2:D$97=$B31),(Colles!$B$2:$B$97)),"") -> 13 | I31: =if(sumproduct((Colles!$A$2:$A$97=$A31),(Colles!E$2:E$97=$B31),(Colles!$B$2:$B$97))>0,sumproduct((Colles!$A$2:$A$97=$A31),(Colles!E$2:E$97=$B31),(Colles!$B$2:$B$97)),"") -> 8 | J31: =if(sumproduct((Colles!$A$2:$A$97=$A31),(Colles!F$2:F$97=$B31),(Colles!$B$2:$B$97))>0,sumproduct((Colles!$A$2:$A$97=$A31),(Colles!F$2:F$97=$B31),(Colles!$B$2:$B$97)),"") -> 11 | K31: =if(sumproduct((Colles!$A$2:$A$97=$A31),(Colles!G$2:G$97=$B31),(Colles!$B$2:$B$97))>0,sumproduct((Colles!$A$2:$A$97=$A31),(Colles!G$2:G$97=$B31),(Colles!$B$2:$B$97)),"") -> 2 | M31: =if(sumproduct((Colles!$A$2:$A$97=$A31),(Colles!I$2:I$97=$B31),(Colles!$B$2:$B$97))>0,sumproduct((Colles!$A$2:$A$97=$A31),(Colles!I$2:I$97=$B31),(Colles!$B$2:$B$97)),"") -> 1 | N31: =if(sumproduct((Colles!$A$2:$A$97=$A31),(Colles!J$2:J$97=$B31),(Colles!$B$2:$B$97))>0,sumproduct((Colles!$A$2:$A$97=$A31),(Colles!J$2:J$97=$B31),(Colles!$B$2:$B$97)),"") -> 4 | O31: =if(sumproduct((Colles!$A$2:$A$97=$A31),(Colles!K$2:K$97=$B31),(Colles!$B$2:$B$97))>0,sumproduct((Colles!$A$2:$A$97=$A31),(Colles!K$2:K$97=$B31),(Colles!$B$2:$B$97)),"") -> 11 | P31: =if(sumproduct((Colles!$A$2:$A$97=$A31),(Colles!L$2:L$97=$B31),(Colles!$B$2:$B$97))>0,sumproduct((Colles!$A$2:$A$97=$A31),(Colles!L$2:L$97=$B31),(Colles!$B$2:$B$97)),"") -> 6 | Q31: =if(sumproduct((Colles!$A$2:$A$97=$A31),(Colles!M$2:M$97=$B31),(Colles!$B$2:$B$97))>0,sumproduct((Colles!$A$2:$A$97=$A31),(Colles!M$2:M$97=$B31),(Colles!$B$2:$B$97)),"") -> 13 | R31: =if(sumproduct((Colles!$A$2:$A$97=$A31),(Colles!N$2:N$97=$B31),(Colles!$B$2:$B$97))>0,sumproduct((Colles!$A$2:$A$97=$A31),(Colles!N$2:N$97=$B31),(Colles!$B$2:$B$97)),"") -> 8 | S31: =if(sumproduct((Colles!$A$2:$A$97=$A31),(Colles!O$2:O$97=$B31),(Colles!$B$2:$B$97))>0,sumproduct((Colles!$A$2:$A$97=$A31),(Colles!O$2:O$97=$B31),(Colles!$B$2:$B$97)),"") -> 11 | U31: =if(sumproduct((Colles!$A$2:$A$97=$A31),(Colles!Q$2:Q$97=$B31),(Colles!$B$2:$B$97))>0,sumproduct((Colles!$A$2:$A$97=$A31),(Colles!Q$2:Q$97=$B31),(Colles!$B$2:$B$97)),"") | V31: =if(sumproduct((Colles!$A$2:$A$97=$A31),(Colles!R$2:R$97=$B31),(Colles!$B$2:$B$97))>0,sumproduct((Colles!$A$2:$A$97=$A31),(Colles!R$2:R$97=$B31),(Colles!$B$2:$B$97)),"") -> 12 | W31: =if(sumproduct((Colles!$A$2:$A$97=$A31),(Colles!S$2:S$97=$B31),(Colles!$B$2:$B$97))>0,sumproduct((Colles!$A$2:$A$97=$A31),(Colles!S$2:S$97=$B31),(Colles!$B$2:$B$97)),"") -> 5 | Y31: =AA26+1 -> 5 | Z31: =Y31&IF(SUMPRODUCT('Trinômes'!$A$2:$A$48=Z32,'Trinômes'!$D$2:$D$48<>0)+SUMPRODUCT('Trinômes'!$A$2:$A$48=Z33,'Trinômes'!$D$2:$D$48<>0)+SUMPRODUCT('Trinômes'!$A$2:$A$48=Z34,'Trinômes'!$D$2:$D$48<>0)>0," – LV2","") -> 5 | AA31: =Y31+1 -> 6 | AB31: =AA31&IF(SUMPRODUCT('Trinômes'!$A$2:$A$48=AB32,'Trinômes'!$D$2:$D$48<>0)+SUMPRODUCT('Trinômes'!$A$2:$A$48=AB33,'Trinômes'!$D$2:$D$48<>0)+SUMPRODUCT('Trinômes'!$A$2:$A$48=AB34,'Trinômes'!$D$2:$D$48<>0)>0," – LV2","") -> 6
A32: ='Créneaux'!I14 -> Anglais | B32: ='Créneaux'!J14 -> 5 | C32: ='Créneaux'!K14 -> M. Daoudi | D32: =switch('Créneaux'!L14,0,"Lundi",1,"Mardi",2,"Mercredi",3,"Jeudi",4,"Vendredi") -> Jeudi | E32: ='Créneaux'!M14&"h" -> 16h | F32: ='Créneaux'!N14 -> Prépa 10 | G32: =if(sumproduct((Colles!$A$2:$A$97=$A32),(Colles!C$2:C$97=$B32),(Colles!$B$2:$B$97))>0,sumproduct((Colles!$A$2:$A$97=$A32),(Colles!C$2:C$97=$B32),(Colles!$B$2:$B$97)),"") | H32: =if(sumproduct((Colles!$A$2:$A$97=$A32),(Colles!D$2:D$97=$B32),(Colles!$B$2:$B$97))>0,sumproduct((Colles!$A$2:$A$97=$A32),(Colles!D$2:D$97=$B32),(Colles!$B$2:$B$97)),"") -> 15 | I32: =if(sumproduct((Colles!$A$2:$A$97=$A32),(Colles!E$2:E$97=$B32),(Colles!$B$2:$B$97))>0,sumproduct((Colles!$A$2:$A$97=$A32),(Colles!E$2:E$97=$B32),(Colles!$B$2:$B$97)),"") -> 4 | J32: =if(sumproduct((Colles!$A$2:$A$97=$A32),(Colles!F$2:F$97=$B32),(Colles!$B$2:$B$97))>0,sumproduct((Colles!$A$2:$A$97=$A32),(Colles!F$2:F$97=$B32),(Colles!$B$2:$B$97)),"") -> 13 | K32: =if(sumproduct((Colles!$A$2:$A$97=$A32),(Colles!G$2:G$97=$B32),(Colles!$B$2:$B$97))>0,sumproduct((Colles!$A$2:$A$97=$A32),(Colles!G$2:G$97=$B32),(Colles!$B$2:$B$97)),"") -> 6 | M32: =if(sumproduct((Colles!$A$2:$A$97=$A32),(Colles!I$2:I$97=$B32),(Colles!$B$2:$B$97))>0,sumproduct((Colles!$A$2:$A$97=$A32),(Colles!I$2:I$97=$B32),(Colles!$B$2:$B$97)),"") -> 11 | N32: =if(sumproduct((Colles!$A$2:$A$97=$A32),(Colles!J$2:J$97=$B32),(Colles!$B$2:$B$97))>0,sumproduct((Colles!$A$2:$A$97=$A32),(Colles!J$2:J$97=$B32),(Colles!$B$2:$B$97)),"") -> 8 | O32: =if(sumproduct((Colles!$A$2:$A$97=$A32),(Colles!K$2:K$97=$B32),(Colles!$B$2:$B$97))>0,sumproduct((Colles!$A$2:$A$97=$A32),(Colles!K$2:K$97=$B32),(Colles!$B$2:$B$97)),"") -> 9 | P32: =if(sumproduct((Colles!$A$2:$A$97=$A32),(Colles!L$2:L$97=$B32),(Colles!$B$2:$B$97))>0,sumproduct((Colles!$A$2:$A$97=$A32),(Colles!L$2:L$97=$B32),(Colles!$B$2:$B$97)),"") -> 2 | Q32: =if(sumproduct((Colles!$A$2:$A$97=$A32),(Colles!M$2:M$97=$B32),(Colles!$B$2:$B$97))>0,sumproduct((Colles!$A$2:$A$97=$A32),(Colles!M$2:M$97=$B32),(Colles!$B$2:$B$97)),"") -> 15 | R32: =if(sumproduct((Colles!$A$2:$A$97=$A32),(Colles!N$2:N$97=$B32),(Colles!$B$2:$B$97))>0,sumproduct((Colles!$A$2:$A$97=$A32),(Colles!N$2:N$97=$B32),(Colles!$B$2:$B$97)),"") -> 4 | S32: =if(sumproduct((Colles!$A$2:$A$97=$A32),(Colles!O$2:O$97=$B32),(Colles!$B$2:$B$97))>0,sumproduct((Colles!$A$2:$A$97=$A32),(Colles!O$2:O$97=$B32),(Colles!$B$2:$B$97)),"") -> 9 | U32: =if(sumproduct((Colles!$A$2:$A$97=$A32),(Colles!Q$2:Q$97=$B32),(Colles!$B$2:$B$97))>0,sumproduct((Colles!$A$2:$A$97=$A32),(Colles!Q$2:Q$97=$B32),(Colles!$B$2:$B$97)),"") | V32: =if(sumproduct((Colles!$A$2:$A$97=$A32),(Colles!R$2:R$97=$B32),(Colles!$B$2:$B$97))>0,sumproduct((Colles!$A$2:$A$97=$A32),(Colles!R$2:R$97=$B32),(Colles!$B$2:$B$97)),"") -> 16 | W32: =if(sumproduct((Colles!$A$2:$A$97=$A32),(Colles!S$2:S$97=$B32),(Colles!$B$2:$B$97))>0,sumproduct((Colles!$A$2:$A$97=$A32),(Colles!S$2:S$97=$B32),(Colles!$B$2:$B$97)),"") -> 1 | Y32: =Y31 -> 5 | Z32: {=IF(ISERROR(ADDRESS(SUMPRODUCT('Trinômes'!$B$2:$B$48=Y32,'Trinômes'!$C$2:$C$48=COUNTIF(Y$21:Y32,"="&Y32)-1 ,ROW('Trinômes'!$A$2:$A$48)),COLUMN('Trinômes'!$A$1)-COLUMN('Trinômes'!$A$1)+1)),"",indirect("Trinômes!"&ADDRESS(SUMPRODUCT('Trinômes'!$B$2:$B$48=Y32,'Trinômes'!$C$2:$C$48=COUNTIF(Y$21:Y32,"="&Y32)-1 ,ROW('Trinômes'!$A$2:$A$48)),COLUMN('Trinômes'!$A$1)-COLUMN('Trinômes'!$A$1)+1)))} -> CONSTANCIAS Lucas | AA32: =AA31 -> 6 | AB32: {=IF(ISERROR(ADDRESS(SUMPRODUCT('Trinômes'!$B$2:$B$48=AA32,'Trinômes'!$C$2:$C$48=COUNTIF(AA$21:AA32,"="&AA32)-1 ,ROW('Trinômes'!$A$2:$A$48)),COLUMN('Trinômes'!$A$1)-COLUMN('Trinômes'!$A$1)+1)),"",indirect("Trinômes!"&ADDRESS(SUMPRODUCT('Trinômes'!$B$2:$B$48=AA32,'Trinômes'!$C$2:$C$48=COUNTIF(AA$21:AA32,"="&AA32)-1 ,ROW('Trinômes'!$A$2:$A$48)),COLUMN('Trinômes'!$A$1)-COLUMN('Trinômes'!$A$1)+1)))} -> DESCOLLONGES Eric
A33: ='Créneaux'!I15 -> Anglais | B33: ='Créneaux'!J15 -> 6 | C33: ='Créneaux'!K15 -> M. Daoudi | D33: =switch('Créneaux'!L15,0,"Lundi",1,"Mardi",2,"Mercredi",3,"Jeudi",4,"Vendredi") -> Jeudi | E33: ='Créneaux'!M15&"h" -> 17h | F33: ='Créneaux'!N15 -> Prépa 10 | G33: =if(sumproduct((Colles!$A$2:$A$97=$A33),(Colles!C$2:C$97=$B33),(Colles!$B$2:$B$97))>0,sumproduct((Colles!$A$2:$A$97=$A33),(Colles!C$2:C$97=$B33),(Colles!$B$2:$B$97)),"") | H33: =if(sumproduct((Colles!$A$2:$A$97=$A33),(Colles!D$2:D$97=$B33),(Colles!$B$2:$B$97))>0,sumproduct((Colles!$A$2:$A$97=$A33),(Colles!D$2:D$97=$B33),(Colles!$B$2:$B$97)),"") -> 11 | I33: =if(sumproduct((Colles!$A$2:$A$97=$A33),(Colles!E$2:E$97=$B33),(Colles!$B$2:$B$97))>0,sumproduct((Colles!$A$2:$A$97=$A33),(Colles!E$2:E$97=$B33),(Colles!$B$2:$B$97)),"") -> 6 | J33: =if(sumproduct((Colles!$A$2:$A$97=$A33),(Colles!F$2:F$97=$B33),(Colles!$B$2:$B$97))>0,sumproduct((Colles!$A$2:$A$97=$A33),(Colles!F$2:F$97=$B33),(Colles!$B$2:$B$97)),"") -> 9 | K33: =if(sumproduct((Colles!$A$2:$A$97=$A33),(Colles!G$2:G$97=$B33),(Colles!$B$2:$B$97))>0,sumproduct((Colles!$A$2:$A$97=$A33),(Colles!G$2:G$97=$B33),(Colles!$B$2:$B$97)),"") -> 8 | M33: =if(sumproduct((Colles!$A$2:$A$97=$A33),(Colles!I$2:I$97=$B33),(Colles!$B$2:$B$97))>0,sumproduct((Colles!$A$2:$A$97=$A33),(Colles!I$2:I$97=$B33),(Colles!$B$2:$B$97)),"") -> 13 | N33: =if(sumproduct((Colles!$A$2:$A$97=$A33),(Colles!J$2:J$97=$B33),(Colles!$B$2:$B$97))>0,sumproduct((Colles!$A$2:$A$97=$A33),(Colles!J$2:J$97=$B33),(Colles!$B$2:$B$97)),"") -> 2 | O33: =if(sumproduct((Colles!$A$2:$A$97=$A33),(Colles!K$2:K$97=$B33),(Colles!$B$2:$B$97))>0,sumproduct((Colles!$A$2:$A$97=$A33),(Colles!K$2:K$97=$B33),(Colles!$B$2:$B$97)),"") -> 13 | P33: =if(sumproduct((Colles!$A$2:$A$97=$A33),(Colles!L$2:L$97=$B33),(Colles!$B$2:$B$97))>0,sumproduct((Colles!$A$2:$A$97=$A33),(Colles!L$2:L$97=$B33),(Colles!$B$2:$B$97)),"") -> 4 | Q33: =if(sumproduct((Colles!$A$2:$A$97=$A33),(Colles!M$2:M$97=$B33),(Colles!$B$2:$B$97))>0,sumproduct((Colles!$A$2:$A$97=$A33),(Colles!M$2:M$97=$B33),(Colles!$B$2:$B$97)),"") -> 11 | R33: =if(sumproduct((Colles!$A$2:$A$97=$A33),(Colles!N$2:N$97=$B33),(Colles!$B$2:$B$97))>0,sumproduct((Colles!$A$2:$A$97=$A33),(Colles!N$2:N$97=$B33),(Colles!$B$2:$B$97)),"") -> 6 | S33: =if(sumproduct((Colles!$A$2:$A$97=$A33),(Colles!O$2:O$97=$B33),(Colles!$B$2:$B$97))>0,sumproduct((Colles!$A$2:$A$97=$A33),(Colles!O$2:O$97=$B33),(Colles!$B$2:$B$97)),"") -> 13 | U33: =if(sumproduct((Colles!$A$2:$A$97=$A33),(Colles!Q$2:Q$97=$B33),(Colles!$B$2:$B$97))>0,sumproduct((Colles!$A$2:$A$97=$A33),(Colles!Q$2:Q$97=$B33),(Colles!$B$2:$B$97)),"") | V33: =if(sumproduct((Colles!$A$2:$A$97=$A33),(Colles!R$2:R$97=$B33),(Colles!$B$2:$B$97))>0,sumproduct((Colles!$A$2:$A$97=$A33),(Colles!R$2:R$97=$B33),(Colles!$B$2:$B$97)),"") -> 10 | W33: =if(sumproduct((Colles!$A$2:$A$97=$A33),(Colles!S$2:S$97=$B33),(Colles!$B$2:$B$97))>0,sumproduct((Colles!$A$2:$A$97=$A33),(Colles!S$2:S$97=$B33),(Colles!$B$2:$B$97)),"") -> 3 | Y33: =Y32 -> 5 | Z33: {=IF(ISERROR(ADDRESS(SUMPRODUCT('Trinômes'!$B$2:$B$48=Y33,'Trinômes'!$C$2:$C$48=COUNTIF(Y$21:Y33,"="&Y33)-1 ,ROW('Trinômes'!$A$2:$A$48)),COLUMN('Trinômes'!$A$1)-COLUMN('Trinômes'!$A$1)+1)),"",indirect("Trinômes!"&ADDRESS(SUMPRODUCT('Trinômes'!$B$2:$B$48=Y33,'Trinômes'!$C$2:$C$48=COUNTIF(Y$21:Y33,"="&Y33)-1 ,ROW('Trinômes'!$A$2:$A$48)),COLUMN('Trinômes'!$A$1)-COLUMN('Trinômes'!$A$1)+1)))} -> DARTOIS Thomas | AA33: =AA32 -> 6 | AB33: {=IF(ISERROR(ADDRESS(SUMPRODUCT('Trinômes'!$B$2:$B$48=AA33,'Trinômes'!$C$2:$C$48=COUNTIF(AA$21:AA33,"="&AA33)-1 ,ROW('Trinômes'!$A$2:$A$48)),COLUMN('Trinômes'!$A$1)-COLUMN('Trinômes'!$A$1)+1)),"",indirect("Trinômes!"&ADDRESS(SUMPRODUCT('Trinômes'!$B$2:$B$48=AA33,'Trinômes'!$C$2:$C$48=COUNTIF(AA$21:AA33,"="&AA33)-1 ,ROW('Trinômes'!$A$2:$A$48)),COLUMN('Trinômes'!$A$1)-COLUMN('Trinômes'!$A$1)+1)))} -> DESPRES Jeanne
A34: ='Créneaux'!I16 -> Anglais | B34: ='Créneaux'!J16 -> 7 | C34: ='Créneaux'!K16 -> Mme Sebah | D34: =switch('Créneaux'!L16,0,"Lundi",1,"Mardi",2,"Mercredi",3,"Jeudi",4,"Vendredi") -> Vendredi | E34: ='Créneaux'!M16&"h" -> 16h | F34: ='Créneaux'!N16 -> K33 | G34: =if(sumproduct((Colles!$A$2:$A$97=$A34),(Colles!C$2:C$97=$B34),(Colles!$B$2:$B$97))>0,sumproduct((Colles!$A$2:$A$97=$A34),(Colles!C$2:C$97=$B34),(Colles!$B$2:$B$97)),"") | H34: =if(sumproduct((Colles!$A$2:$A$97=$A34),(Colles!D$2:D$97=$B34),(Colles!$B$2:$B$97))>0,sumproduct((Colles!$A$2:$A$97=$A34),(Colles!D$2:D$97=$B34),(Colles!$B$2:$B$97)),"") -> 3 | I34: =if(sumproduct((Colles!$A$2:$A$97=$A34),(Colles!E$2:E$97=$B34),(Colles!$B$2:$B$97))>0,sumproduct((Colles!$A$2:$A$97=$A34),(Colles!E$2:E$97=$B34),(Colles!$B$2:$B$97)),"") -> 16 | J34: =if(sumproduct((Colles!$A$2:$A$97=$A34),(Colles!F$2:F$97=$B34),(Colles!$B$2:$B$97))>0,sumproduct((Colles!$A$2:$A$97=$A34),(Colles!F$2:F$97=$B34),(Colles!$B$2:$B$97)),"") -> 5 | K34: =if(sumproduct((Colles!$A$2:$A$97=$A34),(Colles!G$2:G$97=$B34),(Colles!$B$2:$B$97))>0,sumproduct((Colles!$A$2:$A$97=$A34),(Colles!G$2:G$97=$B34),(Colles!$B$2:$B$97)),"") -> 10 | M34: =if(sumproduct((Colles!$A$2:$A$97=$A34),(Colles!I$2:I$97=$B34),(Colles!$B$2:$B$97))>0,sumproduct((Colles!$A$2:$A$97=$A34),(Colles!I$2:I$97=$B34),(Colles!$B$2:$B$97)),"") -> 15 | N34: =if(sumproduct((Colles!$A$2:$A$97=$A34),(Colles!J$2:J$97=$B34),(Colles!$B$2:$B$97))>0,sumproduct((Colles!$A$2:$A$97=$A34),(Colles!J$2:J$97=$B34),(Colles!$B$2:$B$97)),"") -> 16 | O34: =if(sumproduct((Colles!$A$2:$A$97=$A34),(Colles!K$2:K$97=$B34),(Colles!$B$2:$B$97))>0,sumproduct((Colles!$A$2:$A$97=$A34),(Colles!K$2:K$97=$B34),(Colles!$B$2:$B$97)),"") -> 5 | P34: =if(sumproduct((Colles!$A$2:$A$97=$A34),(Colles!L$2:L$97=$B34),(Colles!$B$2:$B$97))>0,sumproduct((Colles!$A$2:$A$97=$A34),(Colles!L$2:L$97=$B34),(Colles!$B$2:$B$97)),"") -> 14 | Q34: =if(sumproduct((Colles!$A$2:$A$97=$A34),(Colles!M$2:M$97=$B34),(Colles!$B$2:$B$97))>0,sumproduct((Colles!$A$2:$A$97=$A34),(Colles!M$2:M$97=$B34),(Colles!$B$2:$B$97)),"") -> 3 | R34: =if(sumproduct((Colles!$A$2:$A$97=$A34),(Colles!N$2:N$97=$B34),(Colles!$B$2:$B$97))>0,sumproduct((Colles!$A$2:$A$97=$A34),(Colles!N$2:N$97=$B34),(Colles!$B$2:$B$97)),"") -> 10 | S34: =if(sumproduct((Colles!$A$2:$A$97=$A34),(Colles!O$2:O$97=$B34),(Colles!$B$2:$B$97))>0,sumproduct((Colles!$A$2:$A$97=$A34),(Colles!O$2:O$97=$B34),(Colles!$B$2:$B$97)),"") -> 7 | U34: =if(sumproduct((Colles!$A$2:$A$97=$A34),(Colles!Q$2:Q$97=$B34),(Colles!$B$2:$B$97))>0,sumproduct((Colles!$A$2:$A$97=$A34),(Colles!Q$2:Q$97=$B34),(Colles!$B$2:$B$97)),"") | V34: =if(sumproduct((Colles!$A$2:$A$97=$A34),(Colles!R$2:R$97=$B34),(Colles!$B$2:$B$97))>0,sumproduct((Colles!$A$2:$A$97=$A34),(Colles!R$2:R$97=$B34),(Colles!$B$2:$B$97)),"") -> 2 | W34: =if(sumproduct((Colles!$A$2:$A$97=$A34),(Colles!S$2:S$97=$B34),(Colles!$B$2:$B$97))>0,sumproduct((Colles!$A$2:$A$97=$A34),(Colles!S$2:S$97=$B34),(Colles!$B$2:$B$97)),"") -> 9 | Y34: =Y33 -> 5 | Z34: {=IF(ISERROR(ADDRESS(SUMPRODUCT('Trinômes'!$B$2:$B$48=Y34,'Trinômes'!$C$2:$C$48=COUNTIF(Y$21:Y34,"="&Y34)-1 ,ROW('Trinômes'!$A$2:$A$48)),COLUMN('Trinômes'!$A$1)-COLUMN('Trinômes'!$A$1)+1)),"",indirect("Trinômes!"&ADDRESS(SUMPRODUCT('Trinômes'!$B$2:$B$48=Y34,'Trinômes'!$C$2:$C$48=COUNTIF(Y$21:Y34,"="&Y34)-1 ,ROW('Trinômes'!$A$2:$A$48)),COLUMN('Trinômes'!$A$1)-COLUMN('Trinômes'!$A$1)+1)))} -> DE SAINT-JEAN Thibault | AA34: =AA33 -> 6 | AB34: {=IF(ISERROR(ADDRESS(SUMPRODUCT('Trinômes'!$B$2:$B$48=AA34,'Trinômes'!$C$2:$C$48=COUNTIF(AA$21:AA34,"="&AA34)-1 ,ROW('Trinômes'!$A$2:$A$48)),COLUMN('Trinômes'!$A$1)-COLUMN('Trinômes'!$A$1)+1)),"",indirect("Trinômes!"&ADDRESS(SUMPRODUCT('Trinômes'!$B$2:$B$48=AA34,'Trinômes'!$C$2:$C$48=COUNTIF(AA$21:AA34,"="&AA34)-1 ,ROW('Trinômes'!$A$2:$A$48)),COLUMN('Trinômes'!$A$1)-COLUMN('Trinômes'!$A$1)+1)))} -> DORLEANS Louis
A35: ='Créneaux'!I17 -> Anglais | B35: ='Créneaux'!J17 -> 8 | C35: ='Créneaux'!K17 -> Mme Sebah | D35: =switch('Créneaux'!L17,0,"Lundi",1,"Mardi",2,"Mercredi",3,"Jeudi",4,"Vendredi") -> Vendredi | E35: ='Créneaux'!M17&"h" -> 17h | F35: ='Créneaux'!N17 -> K33 | G35: =if(sumproduct((Colles!$A$2:$A$97=$A35),(Colles!C$2:C$97=$B35),(Colles!$B$2:$B$97))>0,sumproduct((Colles!$A$2:$A$97=$A35),(Colles!C$2:C$97=$B35),(Colles!$B$2:$B$97)),"") | H35: =if(sumproduct((Colles!$A$2:$A$97=$A35),(Colles!D$2:D$97=$B35),(Colles!$B$2:$B$97))>0,sumproduct((Colles!$A$2:$A$97=$A35),(Colles!D$2:D$97=$B35),(Colles!$B$2:$B$97)),"") -> 1 | I35: =if(sumproduct((Colles!$A$2:$A$97=$A35),(Colles!E$2:E$97=$B35),(Colles!$B$2:$B$97))>0,sumproduct((Colles!$A$2:$A$97=$A35),(Colles!E$2:E$97=$B35),(Colles!$B$2:$B$97)),"") -> 14 | J35: =if(sumproduct((Colles!$A$2:$A$97=$A35),(Colles!F$2:F$97=$B35),(Colles!$B$2:$B$97))>0,sumproduct((Colles!$A$2:$A$97=$A35),(Colles!F$2:F$97=$B35),(Colles!$B$2:$B$97)),"") -> 7 | K35: =if(sumproduct((Colles!$A$2:$A$97=$A35),(Colles!G$2:G$97=$B35),(Colles!$B$2:$B$97))>0,sumproduct((Colles!$A$2:$A$97=$A35),(Colles!G$2:G$97=$B35),(Colles!$B$2:$B$97)),"") -> 12 | M35: =if(sumproduct((Colles!$A$2:$A$97=$A35),(Colles!I$2:I$97=$B35),(Colles!$B$2:$B$97))>0,sumproduct((Colles!$A$2:$A$97=$A35),(Colles!I$2:I$97=$B35),(Colles!$B$2:$B$97)),"") -> 5 | N35: =if(sumproduct((Colles!$A$2:$A$97=$A35),(Colles!J$2:J$97=$B35),(Colles!$B$2:$B$97))>0,sumproduct((Colles!$A$2:$A$97=$A35),(Colles!J$2:J$97=$B35),(Colles!$B$2:$B$97)),"") -> 10 | O35: =if(sumproduct((Colles!$A$2:$A$97=$A35),(Colles!K$2:K$97=$B35),(Colles!$B$2:$B$97))>0,sumproduct((Colles!$A$2:$A$97=$A35),(Colles!K$2:K$97=$B35),(Colles!$B$2:$B$97)),"") -> 7 | P35: =if(sumproduct((Colles!$A$2:$A$97=$A35),(Colles!L$2:L$97=$B35),(Colles!$B$2:$B$97))>0,sumproduct((Colles!$A$2:$A$97=$A35),(Colles!L$2:L$97=$B35),(Colles!$B$2:$B$97)),"") -> 16 | Q35: =if(sumproduct((Colles!$A$2:$A$97=$A35),(Colles!M$2:M$97=$B35),(Colles!$B$2:$B$97))>0,sumproduct((Colles!$A$2:$A$97=$A35),(Colles!M$2:M$97=$B35),(Colles!$B$2:$B$97)),"") -> 1 | R35: =if(sumproduct((Colles!$A$2:$A$97=$A35),(Colles!N$2:N$97=$B35),(Colles!$B$2:$B$97))>0,sumproduct((Colles!$A$2:$A$97=$A35),(Colles!N$2:N$97=$B35),(Colles!$B$2:$B$97)),"") -> 14 | S35: =if(sumproduct((Colles!$A$2:$A$97=$A35),(Colles!O$2:O$97=$B35),(Colles!$B$2:$B$97))>0,sumproduct((Colles!$A$2:$A$97=$A35),(Colles!O$2:O$97=$B35),(Colles!$B$2:$B$97)),"") -> 3 | U35: =if(sumproduct((Colles!$A$2:$A$97=$A35),(Colles!Q$2:Q$97=$B35),(Colles!$B$2:$B$97))>0,sumproduct((Colles!$A$2:$A$97=$A35),(Colles!Q$2:Q$97=$B35),(Colles!$B$2:$B$97)),"") | V35: =if(sumproduct((Colles!$A$2:$A$97=$A35),(Colles!R$2:R$97=$B35),(Colles!$B$2:$B$97))>0,sumproduct((Colles!$A$2:$A$97=$A35),(Colles!R$2:R$97=$B35),(Colles!$B$2:$B$97)),"") -> 4 | W35: =if(sumproduct((Colles!$A$2:$A$97=$A35),(Colles!S$2:S$97=$B35),(Colles!$B$2:$B$97))>0,sumproduct((Colles!$A$2:$A$97=$A35),(Colles!S$2:S$97=$B35),(Colles!$B$2:$B$97)),"") -> 15 | Y35: =Y34 -> 5 | AA35: =AA34 -> 6
C36: =A37 -> SI | Y36: =AA31+1 -> 7 | Z36: =Y36&IF(SUMPRODUCT('Trinômes'!$A$2:$A$48=Z37,'Trinômes'!$D$2:$D$48<>0)+SUMPRODUCT('Trinômes'!$A$2:$A$48=Z38,'Trinômes'!$D$2:$D$48<>0)+SUMPRODUCT('Trinômes'!$A$2:$A$48=Z39,'Trinômes'!$D$2:$D$48<>0)>0," – LV2","") -> 7 | AA36: =Y36+1 -> 8 | AB36: =AA36&IF(SUMPRODUCT('Trinômes'!$A$2:$A$48=AB37,'Trinômes'!$D$2:$D$48<>0)+SUMPRODUCT('Trinômes'!$A$2:$A$48=AB38,'Trinômes'!$D$2:$D$48<>0)+SUMPRODUCT('Trinômes'!$A$2:$A$48=AB39,'Trinômes'!$D$2:$D$48<>0)>0," – LV2","") -> 8
A37: ='Créneaux'!I34 -> SI | B37: ='Créneaux'!J34 -> 1 | C37: ='Créneaux'!K34 -> M. Lahmar | D37: =switch('Créneaux'!L34,0,"Lundi",1,"Mardi",2,"Mercredi",3,"Jeudi",4,"Vendredi") -> Lundi | E37: ='Créneaux'!M34&"h" -> 16h | F37: ='Créneaux'!N34 -> Prépa 21 | G37: =if(sumproduct((Colles!$A$2:$A$97=$A37),(Colles!C$2:C$97=$B37),(Colles!$B$2:$B$97))>0,sumproduct((Colles!$A$2:$A$97=$A37),(Colles!C$2:C$97=$B37),(Colles!$B$2:$B$97)),"") | H37: =if(sumproduct((Colles!$A$2:$A$97=$A37),(Colles!D$2:D$97=$B37),(Colles!$B$2:$B$97))>0,sumproduct((Colles!$A$2:$A$97=$A37),(Colles!D$2:D$97=$B37),(Colles!$B$2:$B$97)),"") -> 1 | I37: =if(sumproduct((Colles!$A$2:$A$97=$A37),(Colles!E$2:E$97=$B37),(Colles!$B$2:$B$97))>0,sumproduct((Colles!$A$2:$A$97=$A37),(Colles!E$2:E$97=$B37),(Colles!$B$2:$B$97)),"") -> 4 | J37: =if(sumproduct((Colles!$A$2:$A$97=$A37),(Colles!F$2:F$97=$B37),(Colles!$B$2:$B$97))>0,sumproduct((Colles!$A$2:$A$97=$A37),(Colles!F$2:F$97=$B37),(Colles!$B$2:$B$97)),"") -> 9 | K37: =if(sumproduct((Colles!$A$2:$A$97=$A37),(Colles!G$2:G$97=$B37),(Colles!$B$2:$B$97))>0,sumproduct((Colles!$A$2:$A$97=$A37),(Colles!G$2:G$97=$B37),(Colles!$B$2:$B$97)),"") -> 13 | M37: =if(sumproduct((Colles!$A$2:$A$97=$A37),(Colles!I$2:I$97=$B37),(Colles!$B$2:$B$97))>0,sumproduct((Colles!$A$2:$A$97=$A37),(Colles!I$2:I$97=$B37),(Colles!$B$2:$B$97)),"") -> 8 | N37: =if(sumproduct((Colles!$A$2:$A$97=$A37),(Colles!J$2:J$97=$B37),(Colles!$B$2:$B$97))>0,sumproduct((Colles!$A$2:$A$97=$A37),(Colles!J$2:J$97=$B37),(Colles!$B$2:$B$97)),"") -> 5 | O37: =if(sumproduct((Colles!$A$2:$A$97=$A37),(Colles!K$2:K$97=$B37),(Colles!$B$2:$B$97))>0,sumproduct((Colles!$A$2:$A$97=$A37),(Colles!K$2:K$97=$B37),(Colles!$B$2:$B$97)),"") -> 6 | P37: =if(sumproduct((Colles!$A$2:$A$97=$A37),(Colles!L$2:L$97=$B37),(Colles!$B$2:$B$97))>0,sumproduct((Colles!$A$2:$A$97=$A37),(Colles!L$2:L$97=$B37),(Colles!$B$2:$B$97)),"") -> 9 | Q37: =if(sumproduct((Colles!$A$2:$A$97=$A37),(Colles!M$2:M$97=$B37),(Colles!$B$2:$B$97))>0,sumproduct((Colles!$A$2:$A$97=$A37),(Colles!M$2:M$97=$B37),(Colles!$B$2:$B$97)),"") -> 15 | R37: =if(sumproduct((Colles!$A$2:$A$97=$A37),(Colles!N$2:N$97=$B37),(Colles!$B$2:$B$97))>0,sumproduct((Colles!$A$2:$A$97=$A37),(Colles!N$2:N$97=$B37),(Colles!$B$2:$B$97)),"") -> 7 | S37: =if(sumproduct((Colles!$A$2:$A$97=$A37),(Colles!O$2:O$97=$B37),(Colles!$B$2:$B$97))>0,sumproduct((Colles!$A$2:$A$97=$A37),(Colles!O$2:O$97=$B37),(Colles!$B$2:$B$97)),"") -> 2 | U37: =if(sumproduct((Colles!$A$2:$A$97=$A37),(Colles!Q$2:Q$97=$B37),(Colles!$B$2:$B$97))>0,sumproduct((Colles!$A$2:$A$97=$A37),(Colles!Q$2:Q$97=$B37),(Colles!$B$2:$B$97)),"") | V37: =if(sumproduct((Colles!$A$2:$A$97=$A37),(Colles!R$2:R$97=$B37),(Colles!$B$2:$B$97))>0,sumproduct((Colles!$A$2:$A$97=$A37),(Colles!R$2:R$97=$B37),(Colles!$B$2:$B$97)),"") -> 16 | W37: =if(sumproduct((Colles!$A$2:$A$97=$A37),(Colles!S$2:S$97=$B37),(Colles!$B$2:$B$97))>0,sumproduct((Colles!$A$2:$A$97=$A37),(Colles!S$2:S$97=$B37),(Colles!$B$2:$B$97)),"") -> 15 | Y37: =Y36 -> 7 | Z37: {=IF(ISERROR(ADDRESS(SUMPRODUCT('Trinômes'!$B$2:$B$48=Y37,'Trinômes'!$C$2:$C$48=COUNTIF(Y$21:Y37,"="&Y37)-1 ,ROW('Trinômes'!$A$2:$A$48)),COLUMN('Trinômes'!$A$1)-COLUMN('Trinômes'!$A$1)+1)),"",indirect("Trinômes!"&ADDRESS(SUMPRODUCT('Trinômes'!$B$2:$B$48=Y37,'Trinômes'!$C$2:$C$48=COUNTIF(Y$21:Y37,"="&Y37)-1 ,ROW('Trinômes'!$A$2:$A$48)),COLUMN('Trinômes'!$A$1)-COLUMN('Trinômes'!$A$1)+1)))} -> FILLINGER Collin | AA37: =AA36 -> 8 | AB37: {=IF(ISERROR(ADDRESS(SUMPRODUCT('Trinômes'!$B$2:$B$48=AA37,'Trinômes'!$C$2:$C$48=COUNTIF(AA$21:AA37,"="&AA37)-1 ,ROW('Trinômes'!$A$2:$A$48)),COLUMN('Trinômes'!$A$1)-COLUMN('Trinômes'!$A$1)+1)),"",indirect("Trinômes!"&ADDRESS(SUMPRODUCT('Trinômes'!$B$2:$B$48=AA37,'Trinômes'!$C$2:$C$48=COUNTIF(AA$21:AA37,"="&AA37)-1 ,ROW('Trinômes'!$A$2:$A$48)),COLUMN('Trinômes'!$A$1)-COLUMN('Trinômes'!$A$1)+1)))} -> GLISSA Ahmed
A38: ='Créneaux'!I35 -> SI | B38: ='Créneaux'!J35 -> 2 | C38: ='Créneaux'!K35 -> M. Lahmar | D38: =switch('Créneaux'!L35,0,"Lundi",1,"Mardi",2,"Mercredi",3,"Jeudi",4,"Vendredi") -> Lundi | E38: ='Créneaux'!M35&"h" -> 17h | F38: ='Créneaux'!N35 -> Prépa 21 | G38: =if(sumproduct((Colles!$A$2:$A$97=$A38),(Colles!C$2:C$97=$B38),(Colles!$B$2:$B$97))>0,sumproduct((Colles!$A$2:$A$97=$A38),(Colles!C$2:C$97=$B38),(Colles!$B$2:$B$97)),"") | H38: =if(sumproduct((Colles!$A$2:$A$97=$A38),(Colles!D$2:D$97=$B38),(Colles!$B$2:$B$97))>0,sumproduct((Colles!$A$2:$A$97=$A38),(Colles!D$2:D$97=$B38),(Colles!$B$2:$B$97)),"") -> 2 | I38: =if(sumproduct((Colles!$A$2:$A$97=$A38),(Colles!E$2:E$97=$B38),(Colles!$B$2:$B$97))>0,sumproduct((Colles!$A$2:$A$97=$A38),(Colles!E$2:E$97=$B38),(Colles!$B$2:$B$97)),"") -> 6 | J38: =if(sumproduct((Colles!$A$2:$A$97=$A38),(Colles!F$2:F$97=$B38),(Colles!$B$2:$B$97))>0,sumproduct((Colles!$A$2:$A$97=$A38),(Colles!F$2:F$97=$B38),(Colles!$B$2:$B$97)),"") -> 10 | K38: =if(sumproduct((Colles!$A$2:$A$97=$A38),(Colles!G$2:G$97=$B38),(Colles!$B$2:$B$97))>0,sumproduct((Colles!$A$2:$A$97=$A38),(Colles!G$2:G$97=$B38),(Colles!$B$2:$B$97)),"") -> 14 | M38: =if(sumproduct((Colles!$A$2:$A$97=$A38),(Colles!I$2:I$97=$B38),(Colles!$B$2:$B$97))>0,sumproduct((Colles!$A$2:$A$97=$A38),(Colles!I$2:I$97=$B38),(Colles!$B$2:$B$97)),"") -> 3 | N38: =if(sumproduct((Colles!$A$2:$A$97=$A38),(Colles!J$2:J$97=$B38),(Colles!$B$2:$B$97))>0,sumproduct((Colles!$A$2:$A$97=$A38),(Colles!J$2:J$97=$B38),(Colles!$B$2:$B$97)),"") -> 1 | O38: =if(sumproduct((Colles!$A$2:$A$97=$A38),(Colles!K$2:K$97=$B38),(Colles!$B$2:$B$97))>0,sumproduct((Colles!$A$2:$A$97=$A38),(Colles!K$2:K$97=$B38),(Colles!$B$2:$B$97)),"") -> 12 | P38: =if(sumproduct((Colles!$A$2:$A$97=$A38),(Colles!L$2:L$97=$B38),(Colles!$B$2:$B$97))>0,sumproduct((Colles!$A$2:$A$97=$A38),(Colles!L$2:L$97=$B38),(Colles!$B$2:$B$97)),"") -> 13 | Q38: =if(sumproduct((Colles!$A$2:$A$97=$A38),(Colles!M$2:M$97=$B38),(Colles!$B$2:$B$97))>0,sumproduct((Colles!$A$2:$A$97=$A38),(Colles!M$2:M$97=$B38),(Colles!$B$2:$B$97)),"") -> 3 | R38: =if(sumproduct((Colles!$A$2:$A$97=$A38),(Colles!N$2:N$97=$B38),(Colles!$B$2:$B$97))>0,sumproduct((Colles!$A$2:$A$97=$A38),(Colles!N$2:N$97=$B38),(Colles!$B$2:$B$97)),"") -> 9 | S38: =if(sumproduct((Colles!$A$2:$A$97=$A38),(Colles!O$2:O$97=$B38),(Colles!$B$2:$B$97))>0,sumproduct((Colles!$A$2:$A$97=$A38),(Colles!O$2:O$97=$B38),(Colles!$B$2:$B$97)),"") -> 11 | U38: =if(sumproduct((Colles!$A$2:$A$97=$A38),(Colles!Q$2:Q$97=$B38),(Colles!$B$2:$B$97))>0,sumproduct((Colles!$A$2:$A$97=$A38),(Colles!Q$2:Q$97=$B38),(Colles!$B$2:$B$97)),"") | V38: =if(sumproduct((Colles!$A$2:$A$97=$A38),(Colles!R$2:R$97=$B38),(Colles!$B$2:$B$97))>0,sumproduct((Colles!$A$2:$A$97=$A38),(Colles!R$2:R$97=$B38),(Colles!$B$2:$B$97)),"") -> 12 | W38: =if(sumproduct((Colles!$A$2:$A$97=$A38),(Colles!S$2:S$97=$B38),(Colles!$B$2:$B$97))>0,sumproduct((Colles!$A$2:$A$97=$A38),(Colles!S$2:S$97=$B38),(Colles!$B$2:$B$97)),"") -> 3 | Y38: =Y37 -> 7 | Z38: {=IF(ISERROR(ADDRESS(SUMPRODUCT('Trinômes'!$B$2:$B$48=Y38,'Trinômes'!$C$2:$C$48=COUNTIF(Y$21:Y38,"="&Y38)-1 ,ROW('Trinômes'!$A$2:$A$48)),COLUMN('Trinômes'!$A$1)-COLUMN('Trinômes'!$A$1)+1)),"",indirect("Trinômes!"&ADDRESS(SUMPRODUCT('Trinômes'!$B$2:$B$48=Y38,'Trinômes'!$C$2:$C$48=COUNTIF(Y$21:Y38,"="&Y38)-1 ,ROW('Trinômes'!$A$2:$A$48)),COLUMN('Trinômes'!$A$1)-COLUMN('Trinômes'!$A$1)+1)))} -> GARIN Pauline | AA38: =AA37 -> 8 | AB38: {=IF(ISERROR(ADDRESS(SUMPRODUCT('Trinômes'!$B$2:$B$48=AA38,'Trinômes'!$C$2:$C$48=COUNTIF(AA$21:AA38,"="&AA38)-1 ,ROW('Trinômes'!$A$2:$A$48)),COLUMN('Trinômes'!$A$1)-COLUMN('Trinômes'!$A$1)+1)),"",indirect("Trinômes!"&ADDRESS(SUMPRODUCT('Trinômes'!$B$2:$B$48=AA38,'Trinômes'!$C$2:$C$48=COUNTIF(AA$21:AA38,"="&AA38)-1 ,ROW('Trinômes'!$A$2:$A$48)),COLUMN('Trinômes'!$A$1)-COLUMN('Trinômes'!$A$1)+1)))} -> HAKIM Sarra
A39: ='Créneaux'!I36 -> SI | B39: ='Créneaux'!J36 -> 3 | C39: ='Créneaux'!K36 -> Mme Martin | D39: =switch('Créneaux'!L36,0,"Lundi",1,"Mardi",2,"Mercredi",3,"Jeudi",4,"Vendredi") -> Lundi | E39: ='Créneaux'!M36&"h" -> 17h | F39: ='Créneaux'!N36 -> Prépa 36 | G39: =if(sumproduct((Colles!$A$2:$A$97=$A39),(Colles!C$2:C$97=$B39),(Colles!$B$2:$B$97))>0,sumproduct((Colles!$A$2:$A$97=$A39),(Colles!C$2:C$97=$B39),(Colles!$B$2:$B$97)),"") | H39: =if(sumproduct((Colles!$A$2:$A$97=$A39),(Colles!D$2:D$97=$B39),(Colles!$B$2:$B$97))>0,sumproduct((Colles!$A$2:$A$97=$A39),(Colles!D$2:D$97=$B39),(Colles!$B$2:$B$97)),"") -> 3 | I39: =if(sumproduct((Colles!$A$2:$A$97=$A39),(Colles!E$2:E$97=$B39),(Colles!$B$2:$B$97))>0,sumproduct((Colles!$A$2:$A$97=$A39),(Colles!E$2:E$97=$B39),(Colles!$B$2:$B$97)),"") -> 7 | J39: =if(sumproduct((Colles!$A$2:$A$97=$A39),(Colles!F$2:F$97=$B39),(Colles!$B$2:$B$97))>0,sumproduct((Colles!$A$2:$A$97=$A39),(Colles!F$2:F$97=$B39),(Colles!$B$2:$B$97)),"") -> 16 | K39: =if(sumproduct((Colles!$A$2:$A$97=$A39),(Colles!G$2:G$97=$B39),(Colles!$B$2:$B$97))>0,sumproduct((Colles!$A$2:$A$97=$A39),(Colles!G$2:G$97=$B39),(Colles!$B$2:$B$97)),"") -> 5 | M39: =if(sumproduct((Colles!$A$2:$A$97=$A39),(Colles!I$2:I$97=$B39),(Colles!$B$2:$B$97))>0,sumproduct((Colles!$A$2:$A$97=$A39),(Colles!I$2:I$97=$B39),(Colles!$B$2:$B$97)),"") -> 2 | N39: =if(sumproduct((Colles!$A$2:$A$97=$A39),(Colles!J$2:J$97=$B39),(Colles!$B$2:$B$97))>0,sumproduct((Colles!$A$2:$A$97=$A39),(Colles!J$2:J$97=$B39),(Colles!$B$2:$B$97)),"") -> 15 | O39: =if(sumproduct((Colles!$A$2:$A$97=$A39),(Colles!K$2:K$97=$B39),(Colles!$B$2:$B$97))>0,sumproduct((Colles!$A$2:$A$97=$A39),(Colles!K$2:K$97=$B39),(Colles!$B$2:$B$97)),"") -> 10 | P39: =if(sumproduct((Colles!$A$2:$A$97=$A39),(Colles!L$2:L$97=$B39),(Colles!$B$2:$B$97))>0,sumproduct((Colles!$A$2:$A$97=$A39),(Colles!L$2:L$97=$B39),(Colles!$B$2:$B$97)),"") -> 14 | Q39: =if(sumproduct((Colles!$A$2:$A$97=$A39),(Colles!M$2:M$97=$B39),(Colles!$B$2:$B$97))>0,sumproduct((Colles!$A$2:$A$97=$A39),(Colles!M$2:M$97=$B39),(Colles!$B$2:$B$97)),"") -> 4 | R39: =if(sumproduct((Colles!$A$2:$A$97=$A39),(Colles!N$2:N$97=$B39),(Colles!$B$2:$B$97))>0,sumproduct((Colles!$A$2:$A$97=$A39),(Colles!N$2:N$97=$B39),(Colles!$B$2:$B$97)),"") -> 6 | S39: =if(sumproduct((Colles!$A$2:$A$97=$A39),(Colles!O$2:O$97=$B39),(Colles!$B$2:$B$97))>0,sumproduct((Colles!$A$2:$A$97=$A39),(Colles!O$2:O$97=$B39),(Colles!$B$2:$B$97)),"") -> 1 | U39: =if(sumproduct((Colles!$A$2:$A$97=$A39),(Colles!Q$2:Q$97=$B39),(Colles!$B$2:$B$97))>0,sumproduct((Colles!$A$2:$A$97=$A39),(Colles!Q$2:Q$97=$B39),(Colles!$B$2:$B$97)),"") | V39: =if(sumproduct((Colles!$A$2:$A$97=$A39),(Colles!R$2:R$97=$B39),(Colles!$B$2:$B$97))>0,sumproduct((Colles!$A$2:$A$97=$A39),(Colles!R$2:R$97=$B39),(Colles!$B$2:$B$97)),"") -> 13 | W39: =if(sumproduct((Colles!$A$2:$A$97=$A39),(Colles!S$2:S$97=$B39),(Colles!$B$2:$B$97))>0,sumproduct((Colles!$A$2:$A$97=$A39),(Colles!S$2:S$97=$B39),(Colles!$B$2:$B$97)),"") -> 4 | Y39: =Y38 -> 7 | Z39: {=IF(ISERROR(ADDRESS(SUMPRODUCT('Trinômes'!$B$2:$B$48=Y39,'Trinômes'!$C$2:$C$48=COUNTIF(Y$21:Y39,"="&Y39)-1 ,ROW('Trinômes'!$A$2:$A$48)),COLUMN('Trinômes'!$A$1)-COLUMN('Trinômes'!$A$1)+1)),"",indirect("Trinômes!"&ADDRESS(SUMPRODUCT('Trinômes'!$B$2:$B$48=Y39,'Trinômes'!$C$2:$C$48=COUNTIF(Y$21:Y39,"="&Y39)-1 ,ROW('Trinômes'!$A$2:$A$48)),COLUMN('Trinômes'!$A$1)-COLUMN('Trinômes'!$A$1)+1)))} -> GEIGER Jules | AA39: =AA38 -> 8 | AB39: {=IF(ISERROR(ADDRESS(SUMPRODUCT('Trinômes'!$B$2:$B$48=AA39,'Trinômes'!$C$2:$C$48=COUNTIF(AA$21:AA39,"="&AA39)-1 ,ROW('Trinômes'!$A$2:$A$48)),COLUMN('Trinômes'!$A$1)-COLUMN('Trinômes'!$A$1)+1)),"",indirect("Trinômes!"&ADDRESS(SUMPRODUCT('Trinômes'!$B$2:$B$48=AA39,'Trinômes'!$C$2:$C$48=COUNTIF(AA$21:AA39,"="&AA39)-1 ,ROW('Trinômes'!$A$2:$A$48)),COLUMN('Trinômes'!$A$1)-COLUMN('Trinômes'!$A$1)+1)))} -> LAMBIN Bérénice
A40: ='Créneaux'!I37 -> SI | B40: ='Créneaux'!J37 -> 4 | C40: ='Créneaux'!K37 -> M. Cornette | D40: =switch('Créneaux'!L37,0,"Lundi",1,"Mardi",2,"Mercredi",3,"Jeudi",4,"Vendredi") -> Lundi | E40: ='Créneaux'!M37&"h" -> 16h | F40: ='Créneaux'!N37 -> Prépa 22 | G40: =if(sumproduct((Colles!$A$2:$A$97=$A40),(Colles!C$2:C$97=$B40),(Colles!$B$2:$B$97))>0,sumproduct((Colles!$A$2:$A$97=$A40),(Colles!C$2:C$97=$B40),(Colles!$B$2:$B$97)),"") | H40: =if(sumproduct((Colles!$A$2:$A$97=$A40),(Colles!D$2:D$97=$B40),(Colles!$B$2:$B$97))>0,sumproduct((Colles!$A$2:$A$97=$A40),(Colles!D$2:D$97=$B40),(Colles!$B$2:$B$97)),"") -> 15 | I40: =if(sumproduct((Colles!$A$2:$A$97=$A40),(Colles!E$2:E$97=$B40),(Colles!$B$2:$B$97))>0,sumproduct((Colles!$A$2:$A$97=$A40),(Colles!E$2:E$97=$B40),(Colles!$B$2:$B$97)),"") -> 8 | J40: =if(sumproduct((Colles!$A$2:$A$97=$A40),(Colles!F$2:F$97=$B40),(Colles!$B$2:$B$97))>0,sumproduct((Colles!$A$2:$A$97=$A40),(Colles!F$2:F$97=$B40),(Colles!$B$2:$B$97)),"") -> 12 | K40: =if(sumproduct((Colles!$A$2:$A$97=$A40),(Colles!G$2:G$97=$B40),(Colles!$B$2:$B$97))>0,sumproduct((Colles!$A$2:$A$97=$A40),(Colles!G$2:G$97=$B40),(Colles!$B$2:$B$97)),"") -> 11 | M40: =if(sumproduct((Colles!$A$2:$A$97=$A40),(Colles!I$2:I$97=$B40),(Colles!$B$2:$B$97))>0,sumproduct((Colles!$A$2:$A$97=$A40),(Colles!I$2:I$97=$B40),(Colles!$B$2:$B$97)),"") -> 4 | N40: =if(sumproduct((Colles!$A$2:$A$97=$A40),(Colles!J$2:J$97=$B40),(Colles!$B$2:$B$97))>0,sumproduct((Colles!$A$2:$A$97=$A40),(Colles!J$2:J$97=$B40),(Colles!$B$2:$B$97)),"") -> 7 | O40: =if(sumproduct((Colles!$A$2:$A$97=$A40),(Colles!K$2:K$97=$B40),(Colles!$B$2:$B$97))>0,sumproduct((Colles!$A$2:$A$97=$A40),(Colles!K$2:K$97=$B40),(Colles!$B$2:$B$97)),"") -> 11 | P40: =if(sumproduct((Colles!$A$2:$A$97=$A40),(Colles!L$2:L$97=$B40),(Colles!$B$2:$B$97))>0,sumproduct((Colles!$A$2:$A$97=$A40),(Colles!L$2:L$97=$B40),(Colles!$B$2:$B$97)),"") -> 16 | Q40: =if(sumproduct((Colles!$A$2:$A$97=$A40),(Colles!M$2:M$97=$B40),(Colles!$B$2:$B$97))>0,sumproduct((Colles!$A$2:$A$97=$A40),(Colles!M$2:M$97=$B40),(Colles!$B$2:$B$97)),"") -> 8 | R40: =if(sumproduct((Colles!$A$2:$A$97=$A40),(Colles!N$2:N$97=$B40),(Colles!$B$2:$B$97))>0,sumproduct((Colles!$A$2:$A$97=$A40),(Colles!N$2:N$97=$B40),(Colles!$B$2:$B$97)),"") -> 5 | S40: =if(sumproduct((Colles!$A$2:$A$97=$A40),(Colles!O$2:O$97=$B40),(Colles!$B$2:$B$97))>0,sumproduct((Colles!$A$2:$A$97=$A40),(Colles!O$2:O$97=$B40),(Colles!$B$2:$B$97)),"") -> 14 | U40: =if(sumproduct((Colles!$A$2:$A$97=$A40),(Colles!Q$2:Q$97=$B40),(Colles!$B$2:$B$97))>0,sumproduct((Colles!$A$2:$A$97=$A40),(Colles!Q$2:Q$97=$B40),(Colles!$B$2:$B$97)),"") | V40: =if(sumproduct((Colles!$A$2:$A$97=$A40),(Colles!R$2:R$97=$B40),(Colles!$B$2:$B$97))>0,sumproduct((Colles!$A$2:$A$97=$A40),(Colles!R$2:R$97=$B40),(Colles!$B$2:$B$97)),"") -> 10 | W40: =if(sumproduct((Colles!$A$2:$A$97=$A40),(Colles!S$2:S$97=$B40),(Colles!$B$2:$B$97))>0,sumproduct((Colles!$A$2:$A$97=$A40),(Colles!S$2:S$97=$B40),(Colles!$B$2:$B$97)),"") -> 8 | Y40: =Y39 -> 7 | AA40: =AA39 -> 8
C41: =A42 -> Physique | Y41: =AA36+1 -> 9 | Z41: =Y41&IF(SUMPRODUCT('Trinômes'!$A$2:$A$48=Z42,'Trinômes'!$D$2:$D$48<>0)+SUMPRODUCT('Trinômes'!$A$2:$A$48=Z43,'Trinômes'!$D$2:$D$48<>0)+SUMPRODUCT('Trinômes'!$A$2:$A$48=Z44,'Trinômes'!$D$2:$D$48<>0)>0," – LV2","") -> 9 | AA41: =Y41+1 -> 10 | AB41: =AA41&IF(SUMPRODUCT('Trinômes'!$A$2:$A$48=AB42,'Trinômes'!$D$2:$D$48<>0)+SUMPRODUCT('Trinômes'!$A$2:$A$48=AB43,'Trinômes'!$D$2:$D$48<>0)+SUMPRODUCT('Trinômes'!$A$2:$A$48=AB44,'Trinômes'!$D$2:$D$48<>0)>0," – LV2","") -> 10
A42: ='Créneaux'!I18 -> Physique | B42: ='Créneaux'!J18 -> 1 | C42: ='Créneaux'!K18 -> Mme Vives | D42: =switch('Créneaux'!L18,0,"Lundi",1,"Mardi",2,"Mercredi",3,"Jeudi",4,"Vendredi") -> Jeudi | E42: ='Créneaux'!M18&"h" -> 14h | F42: ='Créneaux'!N18 -> Prépa 23 | G42: =if(sumproduct((Colles!$A$2:$A$97=$A42),(Colles!C$2:C$97=$B42),(Colles!$B$2:$B$97))>0,sumproduct((Colles!$A$2:$A$97=$A42),(Colles!C$2:C$97=$B42),(Colles!$B$2:$B$97)),"") | H42: =if(sumproduct((Colles!$A$2:$A$97=$A42),(Colles!D$2:D$97=$B42),(Colles!$B$2:$B$97))>0,sumproduct((Colles!$A$2:$A$97=$A42),(Colles!D$2:D$97=$B42),(Colles!$B$2:$B$97)),"") -> 16 | I42: =if(sumproduct((Colles!$A$2:$A$97=$A42),(Colles!E$2:E$97=$B42),(Colles!$B$2:$B$97))>0,sumproduct((Colles!$A$2:$A$97=$A42),(Colles!E$2:E$97=$B42),(Colles!$B$2:$B$97)),"") -> 15 | J42: =if(sumproduct((Colles!$A$2:$A$97=$A42),(Colles!F$2:F$97=$B42),(Colles!$B$2:$B$97))>0,sumproduct((Colles!$A$2:$A$97=$A42),(Colles!F$2:F$97=$B42),(Colles!$B$2:$B$97)),"") -> 10 | K42: =if(sumproduct((Colles!$A$2:$A$97=$A42),(Colles!G$2:G$97=$B42),(Colles!$B$2:$B$97))>0,sumproduct((Colles!$A$2:$A$97=$A42),(Colles!G$2:G$97=$B42),(Colles!$B$2:$B$97)),"") -> 9 | M42: =if(sumproduct((Colles!$A$2:$A$97=$A42),(Colles!I$2:I$97=$B42),(Colles!$B$2:$B$97))>0,sumproduct((Colles!$A$2:$A$97=$A42),(Colles!I$2:I$97=$B42),(Colles!$B$2:$B$97)),"") -> 2 | N42: =if(sumproduct((Colles!$A$2:$A$97=$A42),(Colles!J$2:J$97=$B42),(Colles!$B$2:$B$97))>0,sumproduct((Colles!$A$2:$A$97=$A42),(Colles!J$2:J$97=$B42),(Colles!$B$2:$B$97)),"") -> 3 | O42: =if(sumproduct((Colles!$A$2:$A$97=$A42),(Colles!K$2:K$97=$B42),(Colles!$B$2:$B$97))>0,sumproduct((Colles!$A$2:$A$97=$A42),(Colles!K$2:K$97=$B42),(Colles!$B$2:$B$97)),"") -> 8 | P42: =if(sumproduct((Colles!$A$2:$A$97=$A42),(Colles!L$2:L$97=$B42),(Colles!$B$2:$B$97))>0,sumproduct((Colles!$A$2:$A$97=$A42),(Colles!L$2:L$97=$B42),(Colles!$B$2:$B$97)),"") -> 1 | Q42: =if(sumproduct((Colles!$A$2:$A$97=$A42),(Colles!M$2:M$97=$B42),(Colles!$B$2:$B$97))>0,sumproduct((Colles!$A$2:$A$97=$A42),(Colles!M$2:M$97=$B42),(Colles!$B$2:$B$97)),"") -> 4 | R42: =if(sumproduct((Colles!$A$2:$A$97=$A42),(Colles!N$2:N$97=$B42),(Colles!$B$2:$B$97))>0,sumproduct((Colles!$A$2:$A$97=$A42),(Colles!N$2:N$97=$B42),(Colles!$B$2:$B$97)),"") -> 5 | S42: =if(sumproduct((Colles!$A$2:$A$97=$A42),(Colles!O$2:O$97=$B42),(Colles!$B$2:$B$97))>0,sumproduct((Colles!$A$2:$A$97=$A42),(Colles!O$2:O$97=$B42),(Colles!$B$2:$B$97)),"") -> 10 | U42: =if(sumproduct((Colles!$A$2:$A$97=$A42),(Colles!Q$2:Q$97=$B42),(Colles!$B$2:$B$97))>0,sumproduct((Colles!$A$2:$A$97=$A42),(Colles!Q$2:Q$97=$B42),(Colles!$B$2:$B$97)),"") | V42: =if(sumproduct((Colles!$A$2:$A$97=$A42),(Colles!R$2:R$97=$B42),(Colles!$B$2:$B$97))>0,sumproduct((Colles!$A$2:$A$97=$A42),(Colles!R$2:R$97=$B42),(Colles!$B$2:$B$97)),"") -> 7 | W42: =if(sumproduct((Colles!$A$2:$A$97=$A42),(Colles!S$2:S$97=$B42),(Colles!$B$2:$B$97))>0,sumproduct((Colles!$A$2:$A$97=$A42),(Colles!S$2:S$97=$B42),(Colles!$B$2:$B$97)),"") -> 14 | Y42: =Y41 -> 9 | Z42: {=IF(ISERROR(ADDRESS(SUMPRODUCT('Trinômes'!$B$2:$B$48=Y42,'Trinômes'!$C$2:$C$48=COUNTIF(Y$21:Y42,"="&Y42)-1 ,ROW('Trinômes'!$A$2:$A$48)),COLUMN('Trinômes'!$A$1)-COLUMN('Trinômes'!$A$1)+1)),"",indirect("Trinômes!"&ADDRESS(SUMPRODUCT('Trinômes'!$B$2:$B$48=Y42,'Trinômes'!$C$2:$C$48=COUNTIF(Y$21:Y42,"="&Y42)-1 ,ROW('Trinômes'!$A$2:$A$48)),COLUMN('Trinômes'!$A$1)-COLUMN('Trinômes'!$A$1)+1)))} -> LANDRIEU Hugo | AA42: =AA41 -> 10 | AB42: {=IF(ISERROR(ADDRESS(SUMPRODUCT('Trinômes'!$B$2:$B$48=AA42,'Trinômes'!$C$2:$C$48=COUNTIF(AA$21:AA42,"="&AA42)-1 ,ROW('Trinômes'!$A$2:$A$48)),COLUMN('Trinômes'!$A$1)-COLUMN('Trinômes'!$A$1)+1)),"",indirect("Trinômes!"&ADDRESS(SUMPRODUCT('Trinômes'!$B$2:$B$48=AA42,'Trinômes'!$C$2:$C$48=COUNTIF(AA$21:AA42,"="&AA42)-1 ,ROW('Trinômes'!$A$2:$A$48)),COLUMN('Trinômes'!$A$1)-COLUMN('Trinômes'!$A$1)+1)))} -> LUMINATI Baptiste
A43: ='Créneaux'!I19 -> Physique | B43: ='Créneaux'!J19 -> 2 | C43: ='Créneaux'!K19 -> Mme Vives | D43: =switch('Créneaux'!L19,0,"Lundi",1,"Mardi",2,"Mercredi",3,"Jeudi",4,"Vendredi") -> Jeudi | E43: ='Créneaux'!M19&"h" -> 15h | F43: ='Créneaux'!N19 -> Prépa 23 | G43: =if(sumproduct((Colles!$A$2:$A$97=$A43),(Colles!C$2:C$97=$B43),(Colles!$B$2:$B$97))>0,sumproduct((Colles!$A$2:$A$97=$A43),(Colles!C$2:C$97=$B43),(Colles!$B$2:$B$97)),"") | H43: =if(sumproduct((Colles!$A$2:$A$97=$A43),(Colles!D$2:D$97=$B43),(Colles!$B$2:$B$97))>0,sumproduct((Colles!$A$2:$A$97=$A43),(Colles!D$2:D$97=$B43),(Colles!$B$2:$B$97)),"") -> 12 | I43: =if(sumproduct((Colles!$A$2:$A$97=$A43),(Colles!E$2:E$97=$B43),(Colles!$B$2:$B$97))>0,sumproduct((Colles!$A$2:$A$97=$A43),(Colles!E$2:E$97=$B43),(Colles!$B$2:$B$97)),"") -> 5 | J43: =if(sumproduct((Colles!$A$2:$A$97=$A43),(Colles!F$2:F$97=$B43),(Colles!$B$2:$B$97))>0,sumproduct((Colles!$A$2:$A$97=$A43),(Colles!F$2:F$97=$B43),(Colles!$B$2:$B$97)),"") -> 4 | K43: =if(sumproduct((Colles!$A$2:$A$97=$A43),(Colles!G$2:G$97=$B43),(Colles!$B$2:$B$97))>0,sumproduct((Colles!$A$2:$A$97=$A43),(Colles!G$2:G$97=$B43),(Colles!$B$2:$B$97)),"") -> 7 | M43: =if(sumproduct((Colles!$A$2:$A$97=$A43),(Colles!I$2:I$97=$B43),(Colles!$B$2:$B$97))>0,sumproduct((Colles!$A$2:$A$97=$A43),(Colles!I$2:I$97=$B43),(Colles!$B$2:$B$97)),"") -> 14 | N43: =if(sumproduct((Colles!$A$2:$A$97=$A43),(Colles!J$2:J$97=$B43),(Colles!$B$2:$B$97))>0,sumproduct((Colles!$A$2:$A$97=$A43),(Colles!J$2:J$97=$B43),(Colles!$B$2:$B$97)),"") -> 11 | O43: =if(sumproduct((Colles!$A$2:$A$97=$A43),(Colles!K$2:K$97=$B43),(Colles!$B$2:$B$97))>0,sumproduct((Colles!$A$2:$A$97=$A43),(Colles!K$2:K$97=$B43),(Colles!$B$2:$B$97)),"") -> 16 | P43: =if(sumproduct((Colles!$A$2:$A$97=$A43),(Colles!L$2:L$97=$B43),(Colles!$B$2:$B$97))>0,sumproduct((Colles!$A$2:$A$97=$A43),(Colles!L$2:L$97=$B43),(Colles!$B$2:$B$97)),"") -> 13 | Q43: =if(sumproduct((Colles!$A$2:$A$97=$A43),(Colles!M$2:M$97=$B43),(Colles!$B$2:$B$97))>0,sumproduct((Colles!$A$2:$A$97=$A43),(Colles!M$2:M$97=$B43),(Colles!$B$2:$B$97)),"") -> 6 | R43: =if(sumproduct((Colles!$A$2:$A$97=$A43),(Colles!N$2:N$97=$B43),(Colles!$B$2:$B$97))>0,sumproduct((Colles!$A$2:$A$97=$A43),(Colles!N$2:N$97=$B43),(Colles!$B$2:$B$97)),"") -> 11 | S43: =if(sumproduct((Colles!$A$2:$A$97=$A43),(Colles!O$2:O$97=$B43),(Colles!$B$2:$B$97))>0,sumproduct((Colles!$A$2:$A$97=$A43),(Colles!O$2:O$97=$B43),(Colles!$B$2:$B$97)),"") -> 16 | U43: =if(sumproduct((Colles!$A$2:$A$97=$A43),(Colles!Q$2:Q$97=$B43),(Colles!$B$2:$B$97))>0,sumproduct((Colles!$A$2:$A$97=$A43),(Colles!Q$2:Q$97=$B43),(Colles!$B$2:$B$97)),"") | V43: =if(sumproduct((Colles!$A$2:$A$97=$A43),(Colles!R$2:R$97=$B43),(Colles!$B$2:$B$97))>0,sumproduct((Colles!$A$2:$A$97=$A43),(Colles!R$2:R$97=$B43),(Colles!$B$2:$B$97)),"") -> 15 | W43: =if(sumproduct((Colles!$A$2:$A$97=$A43),(Colles!S$2:S$97=$B43),(Colles!$B$2:$B$97))>0,sumproduct((Colles!$A$2:$A$97=$A43),(Colles!S$2:S$97=$B43),(Colles!$B$2:$B$97)),"") -> 8 | Y43: =Y42 -> 9 | Z43: {=IF(ISERROR(ADDRESS(SUMPRODUCT('Trinômes'!$B$2:$B$48=Y43,'Trinômes'!$C$2:$C$48=COUNTIF(Y$21:Y43,"="&Y43)-1 ,ROW('Trinômes'!$A$2:$A$48)),COLUMN('Trinômes'!$A$1)-COLUMN('Trinômes'!$A$1)+1)),"",indirect("Trinômes!"&ADDRESS(SUMPRODUCT('Trinômes'!$B$2:$B$48=Y43,'Trinômes'!$C$2:$C$48=COUNTIF(Y$21:Y43,"="&Y43)-1 ,ROW('Trinômes'!$A$2:$A$48)),COLUMN('Trinômes'!$A$1)-COLUMN('Trinômes'!$A$1)+1)))} -> LE CUE Hector | AA43: =AA42 -> 10 | AB43: {=IF(ISERROR(ADDRESS(SUMPRODUCT('Trinômes'!$B$2:$B$48=AA43,'Trinômes'!$C$2:$C$48=COUNTIF(AA$21:AA43,"="&AA43)-1 ,ROW('Trinômes'!$A$2:$A$48)),COLUMN('Trinômes'!$A$1)-COLUMN('Trinômes'!$A$1)+1)),"",indirect("Trinômes!"&ADDRESS(SUMPRODUCT('Trinômes'!$B$2:$B$48=AA43,'Trinômes'!$C$2:$C$48=COUNTIF(AA$21:AA43,"="&AA43)-1 ,ROW('Trinômes'!$A$2:$A$48)),COLUMN('Trinômes'!$A$1)-COLUMN('Trinômes'!$A$1)+1)))} -> MAUBOIS Morgane
A44: ='Créneaux'!I20 -> Physique | B44: ='Créneaux'!J20 -> 3 | C44: ='Créneaux'!K20 -> Mme Pampana | D44: =switch('Créneaux'!L20,0,"Lundi",1,"Mardi",2,"Mercredi",3,"Jeudi",4,"Vendredi") -> Lundi | E44: ='Créneaux'!M20&"h" -> 17h | F44: ='Créneaux'!N20 -> Prépa 25 | G44: =if(sumproduct((Colles!$A$2:$A$97=$A44),(Colles!C$2:C$97=$B44),(Colles!$B$2:$B$97))>0,sumproduct((Colles!$A$2:$A$97=$A44),(Colles!C$2:C$97=$B44),(Colles!$B$2:$B$97)),"") | H44: =if(sumproduct((Colles!$A$2:$A$97=$A44),(Colles!D$2:D$97=$B44),(Colles!$B$2:$B$97))>0,sumproduct((Colles!$A$2:$A$97=$A44),(Colles!D$2:D$97=$B44),(Colles!$B$2:$B$97)),"") -> 4 | I44: =if(sumproduct((Colles!$A$2:$A$97=$A44),(Colles!E$2:E$97=$B44),(Colles!$B$2:$B$97))>0,sumproduct((Colles!$A$2:$A$97=$A44),(Colles!E$2:E$97=$B44),(Colles!$B$2:$B$97)),"") -> 1 | J44: =if(sumproduct((Colles!$A$2:$A$97=$A44),(Colles!F$2:F$97=$B44),(Colles!$B$2:$B$97))>0,sumproduct((Colles!$A$2:$A$97=$A44),(Colles!F$2:F$97=$B44),(Colles!$B$2:$B$97)),"") -> 6 | K44: =if(sumproduct((Colles!$A$2:$A$97=$A44),(Colles!G$2:G$97=$B44),(Colles!$B$2:$B$97))>0,sumproduct((Colles!$A$2:$A$97=$A44),(Colles!G$2:G$97=$B44),(Colles!$B$2:$B$97)),"") -> 15 | M44: =if(sumproduct((Colles!$A$2:$A$97=$A44),(Colles!I$2:I$97=$B44),(Colles!$B$2:$B$97))>0,sumproduct((Colles!$A$2:$A$97=$A44),(Colles!I$2:I$97=$B44),(Colles!$B$2:$B$97)),"") -> 10 | N44: =if(sumproduct((Colles!$A$2:$A$97=$A44),(Colles!J$2:J$97=$B44),(Colles!$B$2:$B$97))>0,sumproduct((Colles!$A$2:$A$97=$A44),(Colles!J$2:J$97=$B44),(Colles!$B$2:$B$97)),"") -> 13 | O44: =if(sumproduct((Colles!$A$2:$A$97=$A44),(Colles!K$2:K$97=$B44),(Colles!$B$2:$B$97))>0,sumproduct((Colles!$A$2:$A$97=$A44),(Colles!K$2:K$97=$B44),(Colles!$B$2:$B$97)),"") -> 14 | P44: =if(sumproduct((Colles!$A$2:$A$97=$A44),(Colles!L$2:L$97=$B44),(Colles!$B$2:$B$97))>0,sumproduct((Colles!$A$2:$A$97=$A44),(Colles!L$2:L$97=$B44),(Colles!$B$2:$B$97)),"") -> 11 | Q44: =if(sumproduct((Colles!$A$2:$A$97=$A44),(Colles!M$2:M$97=$B44),(Colles!$B$2:$B$97))>0,sumproduct((Colles!$A$2:$A$97=$A44),(Colles!M$2:M$97=$B44),(Colles!$B$2:$B$97)),"") -> 2 | R44: =if(sumproduct((Colles!$A$2:$A$97=$A44),(Colles!N$2:N$97=$B44),(Colles!$B$2:$B$97))>0,sumproduct((Colles!$A$2:$A$97=$A44),(Colles!N$2:N$97=$B44),(Colles!$B$2:$B$97)),"") -> 3 | S44: =if(sumproduct((Colles!$A$2:$A$97=$A44),(Colles!O$2:O$97=$B44),(Colles!$B$2:$B$97))>0,sumproduct((Colles!$A$2:$A$97=$A44),(Colles!O$2:O$97=$B44),(Colles!$B$2:$B$97)),"") -> 4 | U44: =if(sumproduct((Colles!$A$2:$A$97=$A44),(Colles!Q$2:Q$97=$B44),(Colles!$B$2:$B$97))>0,sumproduct((Colles!$A$2:$A$97=$A44),(Colles!Q$2:Q$97=$B44),(Colles!$B$2:$B$97)),"") | V44: =if(sumproduct((Colles!$A$2:$A$97=$A44),(Colles!R$2:R$97=$B44),(Colles!$B$2:$B$97))>0,sumproduct((Colles!$A$2:$A$97=$A44),(Colles!R$2:R$97=$B44),(Colles!$B$2:$B$97)),"") -> 5 | W44: =if(sumproduct((Colles!$A$2:$A$97=$A44),(Colles!S$2:S$97=$B44),(Colles!$B$2:$B$97))>0,sumproduct((Colles!$A$2:$A$97=$A44),(Colles!S$2:S$97=$B44),(Colles!$B$2:$B$97)),"") -> 6 | Y44: =Y43 -> 9 | Z44: {=IF(ISERROR(ADDRESS(SUMPRODUCT('Trinômes'!$B$2:$B$48=Y44,'Trinômes'!$C$2:$C$48=COUNTIF(Y$21:Y44,"="&Y44)-1 ,ROW('Trinômes'!$A$2:$A$48)),COLUMN('Trinômes'!$A$1)-COLUMN('Trinômes'!$A$1)+1)),"",indirect("Trinômes!"&ADDRESS(SUMPRODUCT('Trinômes'!$B$2:$B$48=Y44,'Trinômes'!$C$2:$C$48=COUNTIF(Y$21:Y44,"="&Y44)-1 ,ROW('Trinômes'!$A$2:$A$48)),COLUMN('Trinômes'!$A$1)-COLUMN('Trinômes'!$A$1)+1)))} -> VIROT--FINET Raphaël | AA44: =AA43 -> 10 | AB44: {=IF(ISERROR(ADDRESS(SUMPRODUCT('Trinômes'!$B$2:$B$48=AA44,'Trinômes'!$C$2:$C$48=COUNTIF(AA$21:AA44,"="&AA44)-1 ,ROW('Trinômes'!$A$2:$A$48)),COLUMN('Trinômes'!$A$1)-COLUMN('Trinômes'!$A$1)+1)),"",indirect("Trinômes!"&ADDRESS(SUMPRODUCT('Trinômes'!$B$2:$B$48=AA44,'Trinômes'!$C$2:$C$48=COUNTIF(AA$21:AA44,"="&AA44)-1 ,ROW('Trinômes'!$A$2:$A$48)),COLUMN('Trinômes'!$A$1)-COLUMN('Trinômes'!$A$1)+1)))} -> MION--SANTARELLI Pierre-Ange
A45: ='Créneaux'!I21 -> Physique | B45: ='Créneaux'!J21 -> 4 | C45: ='Créneaux'!K21 -> Mme Pampana | D45: =switch('Créneaux'!L21,0,"Lundi",1,"Mardi",2,"Mercredi",3,"Jeudi",4,"Vendredi") -> Jeudi | E45: ='Créneaux'!M21&"h" -> 12h | F45: ='Créneaux'!N21 -> Prépa 22 | G45: =if(sumproduct((Colles!$A$2:$A$97=$A45),(Colles!C$2:C$97=$B45),(Colles!$B$2:$B$97))>0,sumproduct((Colles!$A$2:$A$97=$A45),(Colles!C$2:C$97=$B45),(Colles!$B$2:$B$97)),"") | H45: =if(sumproduct((Colles!$A$2:$A$97=$A45),(Colles!D$2:D$97=$B45),(Colles!$B$2:$B$97))>0,sumproduct((Colles!$A$2:$A$97=$A45),(Colles!D$2:D$97=$B45),(Colles!$B$2:$B$97)),"") -> 2 | I45: =if(sumproduct((Colles!$A$2:$A$97=$A45),(Colles!E$2:E$97=$B45),(Colles!$B$2:$B$97))>0,sumproduct((Colles!$A$2:$A$97=$A45),(Colles!E$2:E$97=$B45),(Colles!$B$2:$B$97)),"") -> 3 | J45: =if(sumproduct((Colles!$A$2:$A$97=$A45),(Colles!F$2:F$97=$B45),(Colles!$B$2:$B$97))>0,sumproduct((Colles!$A$2:$A$97=$A45),(Colles!F$2:F$97=$B45),(Colles!$B$2:$B$97)),"") -> 8 | K45: =if(sumproduct((Colles!$A$2:$A$97=$A45),(Colles!G$2:G$97=$B45),(Colles!$B$2:$B$97))>0,sumproduct((Colles!$A$2:$A$97=$A45),(Colles!G$2:G$97=$B45),(Colles!$B$2:$B$97)),"") -> 5 | M45: =if(sumproduct((Colles!$A$2:$A$97=$A45),(Colles!I$2:I$97=$B45),(Colles!$B$2:$B$97))>0,sumproduct((Colles!$A$2:$A$97=$A45),(Colles!I$2:I$97=$B45),(Colles!$B$2:$B$97)),"") -> 4 | N45: =if(sumproduct((Colles!$A$2:$A$97=$A45),(Colles!J$2:J$97=$B45),(Colles!$B$2:$B$97))>0,sumproduct((Colles!$A$2:$A$97=$A45),(Colles!J$2:J$97=$B45),(Colles!$B$2:$B$97)),"") -> 1 | O45: =if(sumproduct((Colles!$A$2:$A$97=$A45),(Colles!K$2:K$97=$B45),(Colles!$B$2:$B$97))>0,sumproduct((Colles!$A$2:$A$97=$A45),(Colles!K$2:K$97=$B45),(Colles!$B$2:$B$97)),"") -> 6 | P45: =if(sumproduct((Colles!$A$2:$A$97=$A45),(Colles!L$2:L$97=$B45),(Colles!$B$2:$B$97))>0,sumproduct((Colles!$A$2:$A$97=$A45),(Colles!L$2:L$97=$B45),(Colles!$B$2:$B$97)),"") -> 7 | Q45: =if(sumproduct((Colles!$A$2:$A$97=$A45),(Colles!M$2:M$97=$B45),(Colles!$B$2:$B$97))>0,sumproduct((Colles!$A$2:$A$97=$A45),(Colles!M$2:M$97=$B45),(Colles!$B$2:$B$97)),"") -> 12 | R45: =if(sumproduct((Colles!$A$2:$A$97=$A45),(Colles!N$2:N$97=$B45),(Colles!$B$2:$B$97))>0,sumproduct((Colles!$A$2:$A$97=$A45),(Colles!N$2:N$97=$B45),(Colles!$B$2:$B$97)),"") -> 13 | S45: =if(sumproduct((Colles!$A$2:$A$97=$A45),(Colles!O$2:O$97=$B45),(Colles!$B$2:$B$97))>0,sumproduct((Colles!$A$2:$A$97=$A45),(Colles!O$2:O$97=$B45),(Colles!$B$2:$B$97)),"") -> 14 | U45: =if(sumproduct((Colles!$A$2:$A$97=$A45),(Colles!Q$2:Q$97=$B45),(Colles!$B$2:$B$97))>0,sumproduct((Colles!$A$2:$A$97=$A45),(Colles!Q$2:Q$97=$B45),(Colles!$B$2:$B$97)),"") | V45: =if(sumproduct((Colles!$A$2:$A$97=$A45),(Colles!R$2:R$97=$B45),(Colles!$B$2:$B$97))>0,sumproduct((Colles!$A$2:$A$97=$A45),(Colles!R$2:R$97=$B45),(Colles!$B$2:$B$97)),"") -> 9 | W45: =if(sumproduct((Colles!$A$2:$A$97=$A45),(Colles!S$2:S$97=$B45),(Colles!$B$2:$B$97))>0,sumproduct((Colles!$A$2:$A$97=$A45),(Colles!S$2:S$97=$B45),(Colles!$B$2:$B$97)),"") -> 16 | Y45: =Y44 -> 9 | AA45: =AA44 -> 10
A46: ='Créneaux'!I22 -> Physique | B46: ='Créneaux'!J22 -> 5 | C46: ='Créneaux'!K22 -> M. Becquet | D46: =switch('Créneaux'!L22,0,"Lundi",1,"Mardi",2,"Mercredi",3,"Jeudi",4,"Vendredi") -> Jeudi | E46: ='Créneaux'!M22&"h" -> 16h | F46: ='Créneaux'!N22 -> K24 | G46: =if(sumproduct((Colles!$A$2:$A$97=$A46),(Colles!C$2:C$97=$B46),(Colles!$B$2:$B$97))>0,sumproduct((Colles!$A$2:$A$97=$A46),(Colles!C$2:C$97=$B46),(Colles!$B$2:$B$97)),"") | H46: =if(sumproduct((Colles!$A$2:$A$97=$A46),(Colles!D$2:D$97=$B46),(Colles!$B$2:$B$97))>0,sumproduct((Colles!$A$2:$A$97=$A46),(Colles!D$2:D$97=$B46),(Colles!$B$2:$B$97)),"") -> 14 | I46: =if(sumproduct((Colles!$A$2:$A$97=$A46),(Colles!E$2:E$97=$B46),(Colles!$B$2:$B$97))>0,sumproduct((Colles!$A$2:$A$97=$A46),(Colles!E$2:E$97=$B46),(Colles!$B$2:$B$97)),"") -> 13 | J46: =if(sumproduct((Colles!$A$2:$A$97=$A46),(Colles!F$2:F$97=$B46),(Colles!$B$2:$B$97))>0,sumproduct((Colles!$A$2:$A$97=$A46),(Colles!F$2:F$97=$B46),(Colles!$B$2:$B$97)),"") -> 12 | K46: =if(sumproduct((Colles!$A$2:$A$97=$A46),(Colles!G$2:G$97=$B46),(Colles!$B$2:$B$97))>0,sumproduct((Colles!$A$2:$A$97=$A46),(Colles!G$2:G$97=$B46),(Colles!$B$2:$B$97)),"") -> 11 | M46: =if(sumproduct((Colles!$A$2:$A$97=$A46),(Colles!I$2:I$97=$B46),(Colles!$B$2:$B$97))>0,sumproduct((Colles!$A$2:$A$97=$A46),(Colles!I$2:I$97=$B46),(Colles!$B$2:$B$97)),"") -> 6 | N46: =if(sumproduct((Colles!$A$2:$A$97=$A46),(Colles!J$2:J$97=$B46),(Colles!$B$2:$B$97))>0,sumproduct((Colles!$A$2:$A$97=$A46),(Colles!J$2:J$97=$B46),(Colles!$B$2:$B$97)),"") -> 5 | O46: =if(sumproduct((Colles!$A$2:$A$97=$A46),(Colles!K$2:K$97=$B46),(Colles!$B$2:$B$97))>0,sumproduct((Colles!$A$2:$A$97=$A46),(Colles!K$2:K$97=$B46),(Colles!$B$2:$B$97)),"") -> 10 | P46: =if(sumproduct((Colles!$A$2:$A$97=$A46),(Colles!L$2:L$97=$B46),(Colles!$B$2:$B$97))>0,sumproduct((Colles!$A$2:$A$97=$A46),(Colles!L$2:L$97=$B46),(Colles!$B$2:$B$97)),"") -> 3 | Q46: =if(sumproduct((Colles!$A$2:$A$97=$A46),(Colles!M$2:M$97=$B46),(Colles!$B$2:$B$97))>0,sumproduct((Colles!$A$2:$A$97=$A46),(Colles!M$2:M$97=$B46),(Colles!$B$2:$B$97)),"") -> 16 | R46: =if(sumproduct((Colles!$A$2:$A$97=$A46),(Colles!N$2:N$97=$B46),(Colles!$B$2:$B$97))>0,sumproduct((Colles!$A$2:$A$97=$A46),(Colles!N$2:N$97=$B46),(Colles!$B$2:$B$97)),"") -> 1 | S46: =if(sumproduct((Colles!$A$2:$A$97=$A46),(Colles!O$2:O$97=$B46),(Colles!$B$2:$B$97))>0,sumproduct((Colles!$A$2:$A$97=$A46),(Colles!O$2:O$97=$B46),(Colles!$B$2:$B$97)),"") -> 12 | U46: =if(sumproduct((Colles!$A$2:$A$97=$A46),(Colles!Q$2:Q$97=$B46),(Colles!$B$2:$B$97))>0,sumproduct((Colles!$A$2:$A$97=$A46),(Colles!Q$2:Q$97=$B46),(Colles!$B$2:$B$97)),"") | V46: =if(sumproduct((Colles!$A$2:$A$97=$A46),(Colles!R$2:R$97=$B46),(Colles!$B$2:$B$97))>0,sumproduct((Colles!$A$2:$A$97=$A46),(Colles!R$2:R$97=$B46),(Colles!$B$2:$B$97)),"") -> 3 | W46: =if(sumproduct((Colles!$A$2:$A$97=$A46),(Colles!S$2:S$97=$B46),(Colles!$B$2:$B$97))>0,sumproduct((Colles!$A$2:$A$97=$A46),(Colles!S$2:S$97=$B46),(Colles!$B$2:$B$97)),"") -> 2 | Y46: =AA41+1 -> 11 | Z46: =Y46&IF(SUMPRODUCT('Trinômes'!$A$2:$A$48=Z47,'Trinômes'!$D$2:$D$48<>0)+SUMPRODUCT('Trinômes'!$A$2:$A$48=Z48,'Trinômes'!$D$2:$D$48<>0)+SUMPRODUCT('Trinômes'!$A$2:$A$48=Z49,'Trinômes'!$D$2:$D$48<>0)>0," – LV2","") -> 11 | AA46: =Y46+1 -> 12 | AB46: =AA46&IF(SUMPRODUCT('Trinômes'!$A$2:$A$48=AB47,'Trinômes'!$D$2:$D$48<>0)+SUMPRODUCT('Trinômes'!$A$2:$A$48=AB48,'Trinômes'!$D$2:$D$48<>0)+SUMPRODUCT('Trinômes'!$A$2:$A$48=AB49,'Trinômes'!$D$2:$D$48<>0)>0," – LV2","") -> 12
A47: ='Créneaux'!I23 -> Physique | B47: ='Créneaux'!J23 -> 6 | C47: ='Créneaux'!K23 -> Mme Wallisky | D47: =switch('Créneaux'!L23,0,"Lundi",1,"Mardi",2,"Mercredi",3,"Jeudi",4,"Vendredi") -> Jeudi | E47: ='Créneaux'!M23&"h" -> 15h | F47: ='Créneaux'!N23 -> K22 | G47: =if(sumproduct((Colles!$A$2:$A$97=$A47),(Colles!C$2:C$97=$B47),(Colles!$B$2:$B$97))>0,sumproduct((Colles!$A$2:$A$97=$A47),(Colles!C$2:C$97=$B47),(Colles!$B$2:$B$97)),"") | H47: =if(sumproduct((Colles!$A$2:$A$97=$A47),(Colles!D$2:D$97=$B47),(Colles!$B$2:$B$97))>0,sumproduct((Colles!$A$2:$A$97=$A47),(Colles!D$2:D$97=$B47),(Colles!$B$2:$B$97)),"") -> 10 | I47: =if(sumproduct((Colles!$A$2:$A$97=$A47),(Colles!E$2:E$97=$B47),(Colles!$B$2:$B$97))>0,sumproduct((Colles!$A$2:$A$97=$A47),(Colles!E$2:E$97=$B47),(Colles!$B$2:$B$97)),"") -> 11 | J47: =if(sumproduct((Colles!$A$2:$A$97=$A47),(Colles!F$2:F$97=$B47),(Colles!$B$2:$B$97))>0,sumproduct((Colles!$A$2:$A$97=$A47),(Colles!F$2:F$97=$B47),(Colles!$B$2:$B$97)),"") -> 14 | K47: =if(sumproduct((Colles!$A$2:$A$97=$A47),(Colles!G$2:G$97=$B47),(Colles!$B$2:$B$97))>0,sumproduct((Colles!$A$2:$A$97=$A47),(Colles!G$2:G$97=$B47),(Colles!$B$2:$B$97)),"") -> 13 | M47: =if(sumproduct((Colles!$A$2:$A$97=$A47),(Colles!I$2:I$97=$B47),(Colles!$B$2:$B$97))>0,sumproduct((Colles!$A$2:$A$97=$A47),(Colles!I$2:I$97=$B47),(Colles!$B$2:$B$97)),"") -> 12 | N47: =if(sumproduct((Colles!$A$2:$A$97=$A47),(Colles!J$2:J$97=$B47),(Colles!$B$2:$B$97))>0,sumproduct((Colles!$A$2:$A$97=$A47),(Colles!J$2:J$97=$B47),(Colles!$B$2:$B$97)),"") -> 7 | O47: =if(sumproduct((Colles!$A$2:$A$97=$A47),(Colles!K$2:K$97=$B47),(Colles!$B$2:$B$97))>0,sumproduct((Colles!$A$2:$A$97=$A47),(Colles!K$2:K$97=$B47),(Colles!$B$2:$B$97)),"") -> 2 | P47: =if(sumproduct((Colles!$A$2:$A$97=$A47),(Colles!L$2:L$97=$B47),(Colles!$B$2:$B$97))>0,sumproduct((Colles!$A$2:$A$97=$A47),(Colles!L$2:L$97=$B47),(Colles!$B$2:$B$97)),"") -> 15 | Q47: =if(sumproduct((Colles!$A$2:$A$97=$A47),(Colles!M$2:M$97=$B47),(Colles!$B$2:$B$97))>0,sumproduct((Colles!$A$2:$A$97=$A47),(Colles!M$2:M$97=$B47),(Colles!$B$2:$B$97)),"") -> 10 | R47: =if(sumproduct((Colles!$A$2:$A$97=$A47),(Colles!N$2:N$97=$B47),(Colles!$B$2:$B$97))>0,sumproduct((Colles!$A$2:$A$97=$A47),(Colles!N$2:N$97=$B47),(Colles!$B$2:$B$97)),"") -> 9 | S47: =if(sumproduct((Colles!$A$2:$A$97=$A47),(Colles!O$2:O$97=$B47),(Colles!$B$2:$B$97))>0,sumproduct((Colles!$A$2:$A$97=$A47),(Colles!O$2:O$97=$B47),(Colles!$B$2:$B$97)),"") -> 6 | U47: =if(sumproduct((Colles!$A$2:$A$97=$A47),(Colles!Q$2:Q$97=$B47),(Colles!$B$2:$B$97))>0,sumproduct((Colles!$A$2:$A$97=$A47),(Colles!Q$2:Q$97=$B47),(Colles!$B$2:$B$97)),"") | V47: =if(sumproduct((Colles!$A$2:$A$97=$A47),(Colles!R$2:R$97=$B47),(Colles!$B$2:$B$97))>0,sumproduct((Colles!$A$2:$A$97=$A47),(Colles!R$2:R$97=$B47),(Colles!$B$2:$B$97)),"") -> 11 | W47: =if(sumproduct((Colles!$A$2:$A$97=$A47),(Colles!S$2:S$97=$B47),(Colles!$B$2:$B$97))>0,sumproduct((Colles!$A$2:$A$97=$A47),(Colles!S$2:S$97=$B47),(Colles!$B$2:$B$97)),"") -> 4 | Y47: =Y46 -> 11 | Z47: {=IF(ISERROR(ADDRESS(SUMPRODUCT('Trinômes'!$B$2:$B$48=Y47,'Trinômes'!$C$2:$C$48=COUNTIF(Y$21:Y47,"="&Y47)-1 ,ROW('Trinômes'!$A$2:$A$48)),COLUMN('Trinômes'!$A$1)-COLUMN('Trinômes'!$A$1)+1)),"",indirect("Trinômes!"&ADDRESS(SUMPRODUCT('Trinômes'!$B$2:$B$48=Y47,'Trinômes'!$C$2:$C$48=COUNTIF(Y$21:Y47,"="&Y47)-1 ,ROW('Trinômes'!$A$2:$A$48)),COLUMN('Trinômes'!$A$1)-COLUMN('Trinômes'!$A$1)+1)))} -> MONCHAL Lou | AA47: =AA46 -> 12 | AB47: {=IF(ISERROR(ADDRESS(SUMPRODUCT('Trinômes'!$B$2:$B$48=AA47,'Trinômes'!$C$2:$C$48=COUNTIF(AA$21:AA47,"="&AA47)-1 ,ROW('Trinômes'!$A$2:$A$48)),COLUMN('Trinômes'!$A$1)-COLUMN('Trinômes'!$A$1)+1)),"",indirect("Trinômes!"&ADDRESS(SUMPRODUCT('Trinômes'!$B$2:$B$48=AA47,'Trinômes'!$C$2:$C$48=COUNTIF(AA$21:AA47,"="&AA47)-1 ,ROW('Trinômes'!$A$2:$A$48)),COLUMN('Trinômes'!$A$1)-COLUMN('Trinômes'!$A$1)+1)))} -> POURCHIER Manon
A48: ='Créneaux'!I24 -> Physique | B48: ='Créneaux'!J24 -> 7 | C48: ='Créneaux'!K24 -> Mme Wallisky | D48: =switch('Créneaux'!L24,0,"Lundi",1,"Mardi",2,"Mercredi",3,"Jeudi",4,"Vendredi") -> Jeudi | E48: ='Créneaux'!M24&"h" -> 16h | F48: ='Créneaux'!N24 -> K22 | G48: =if(sumproduct((Colles!$A$2:$A$97=$A48),(Colles!C$2:C$97=$B48),(Colles!$B$2:$B$97))>0,sumproduct((Colles!$A$2:$A$97=$A48),(Colles!C$2:C$97=$B48),(Colles!$B$2:$B$97)),"") | H48: =if(sumproduct((Colles!$A$2:$A$97=$A48),(Colles!D$2:D$97=$B48),(Colles!$B$2:$B$97))>0,sumproduct((Colles!$A$2:$A$97=$A48),(Colles!D$2:D$97=$B48),(Colles!$B$2:$B$97)),"") -> 8 | I48: =if(sumproduct((Colles!$A$2:$A$97=$A48),(Colles!E$2:E$97=$B48),(Colles!$B$2:$B$97))>0,sumproduct((Colles!$A$2:$A$97=$A48),(Colles!E$2:E$97=$B48),(Colles!$B$2:$B$97)),"") -> 9 | J48: =if(sumproduct((Colles!$A$2:$A$97=$A48),(Colles!F$2:F$97=$B48),(Colles!$B$2:$B$97))>0,sumproduct((Colles!$A$2:$A$97=$A48),(Colles!F$2:F$97=$B48),(Colles!$B$2:$B$97)),"") -> 2 | K48: =if(sumproduct((Colles!$A$2:$A$97=$A48),(Colles!G$2:G$97=$B48),(Colles!$B$2:$B$97))>0,sumproduct((Colles!$A$2:$A$97=$A48),(Colles!G$2:G$97=$B48),(Colles!$B$2:$B$97)),"") -> 3 | M48: =if(sumproduct((Colles!$A$2:$A$97=$A48),(Colles!I$2:I$97=$B48),(Colles!$B$2:$B$97))>0,sumproduct((Colles!$A$2:$A$97=$A48),(Colles!I$2:I$97=$B48),(Colles!$B$2:$B$97)),"") -> 16 | N48: =if(sumproduct((Colles!$A$2:$A$97=$A48),(Colles!J$2:J$97=$B48),(Colles!$B$2:$B$97))>0,sumproduct((Colles!$A$2:$A$97=$A48),(Colles!J$2:J$97=$B48),(Colles!$B$2:$B$97)),"") -> 9 | O48: =if(sumproduct((Colles!$A$2:$A$97=$A48),(Colles!K$2:K$97=$B48),(Colles!$B$2:$B$97))>0,sumproduct((Colles!$A$2:$A$97=$A48),(Colles!K$2:K$97=$B48),(Colles!$B$2:$B$97)),"") -> 4 | P48: =if(sumproduct((Colles!$A$2:$A$97=$A48),(Colles!L$2:L$97=$B48),(Colles!$B$2:$B$97))>0,sumproduct((Colles!$A$2:$A$97=$A48),(Colles!L$2:L$97=$B48),(Colles!$B$2:$B$97)),"") -> 5 | Q48: =if(sumproduct((Colles!$A$2:$A$97=$A48),(Colles!M$2:M$97=$B48),(Colles!$B$2:$B$97))>0,sumproduct((Colles!$A$2:$A$97=$A48),(Colles!M$2:M$97=$B48),(Colles!$B$2:$B$97)),"") -> 14 | R48: =if(sumproduct((Colles!$A$2:$A$97=$A48),(Colles!N$2:N$97=$B48),(Colles!$B$2:$B$97))>0,sumproduct((Colles!$A$2:$A$97=$A48),(Colles!N$2:N$97=$B48),(Colles!$B$2:$B$97)),"") -> 15 | S48: =if(sumproduct((Colles!$A$2:$A$97=$A48),(Colles!O$2:O$97=$B48),(Colles!$B$2:$B$97))>0,sumproduct((Colles!$A$2:$A$97=$A48),(Colles!O$2:O$97=$B48),(Colles!$B$2:$B$97)),"") -> 8 | U48: =if(sumproduct((Colles!$A$2:$A$97=$A48),(Colles!Q$2:Q$97=$B48),(Colles!$B$2:$B$97))>0,sumproduct((Colles!$A$2:$A$97=$A48),(Colles!Q$2:Q$97=$B48),(Colles!$B$2:$B$97)),"") | V48: =if(sumproduct((Colles!$A$2:$A$97=$A48),(Colles!R$2:R$97=$B48),(Colles!$B$2:$B$97))>0,sumproduct((Colles!$A$2:$A$97=$A48),(Colles!R$2:R$97=$B48),(Colles!$B$2:$B$97)),"") -> 13 | W48: =if(sumproduct((Colles!$A$2:$A$97=$A48),(Colles!S$2:S$97=$B48),(Colles!$B$2:$B$97))>0,sumproduct((Colles!$A$2:$A$97=$A48),(Colles!S$2:S$97=$B48),(Colles!$B$2:$B$97)),"") -> 12 | Y48: =Y47 -> 11 | Z48: {=IF(ISERROR(ADDRESS(SUMPRODUCT('Trinômes'!$B$2:$B$48=Y48,'Trinômes'!$C$2:$C$48=COUNTIF(Y$21:Y48,"="&Y48)-1 ,ROW('Trinômes'!$A$2:$A$48)),COLUMN('Trinômes'!$A$1)-COLUMN('Trinômes'!$A$1)+1)),"",indirect("Trinômes!"&ADDRESS(SUMPRODUCT('Trinômes'!$B$2:$B$48=Y48,'Trinômes'!$C$2:$C$48=COUNTIF(Y$21:Y48,"="&Y48)-1 ,ROW('Trinômes'!$A$2:$A$48)),COLUMN('Trinômes'!$A$1)-COLUMN('Trinômes'!$A$1)+1)))} -> PERRIN Ornella | AA48: =AA47 -> 12 | AB48: {=IF(ISERROR(ADDRESS(SUMPRODUCT('Trinômes'!$B$2:$B$48=AA48,'Trinômes'!$C$2:$C$48=COUNTIF(AA$21:AA48,"="&AA48)-1 ,ROW('Trinômes'!$A$2:$A$48)),COLUMN('Trinômes'!$A$1)-COLUMN('Trinômes'!$A$1)+1)),"",indirect("Trinômes!"&ADDRESS(SUMPRODUCT('Trinômes'!$B$2:$B$48=AA48,'Trinômes'!$C$2:$C$48=COUNTIF(AA$21:AA48,"="&AA48)-1 ,ROW('Trinômes'!$A$2:$A$48)),COLUMN('Trinômes'!$A$1)-COLUMN('Trinômes'!$A$1)+1)))} -> RAITORE Maya
A49: ='Créneaux'!I25 -> Physique | B49: ='Créneaux'!J25 -> 8 | C49: ='Créneaux'!K25 -> M. Ackermann | D49: =switch('Créneaux'!L25,0,"Lundi",1,"Mardi",2,"Mercredi",3,"Jeudi",4,"Vendredi") -> Mercredi | E49: ='Créneaux'!M25&"h" -> 16h | F49: ='Créneaux'!N25 -> Prépa 10 | G49: =if(sumproduct((Colles!$A$2:$A$97=$A49),(Colles!C$2:C$97=$B49),(Colles!$B$2:$B$97))>0,sumproduct((Colles!$A$2:$A$97=$A49),(Colles!C$2:C$97=$B49),(Colles!$B$2:$B$97)),"") | H49: =if(sumproduct((Colles!$A$2:$A$97=$A49),(Colles!D$2:D$97=$B49),(Colles!$B$2:$B$97))>0,sumproduct((Colles!$A$2:$A$97=$A49),(Colles!D$2:D$97=$B49),(Colles!$B$2:$B$97)),"") -> 6 | I49: =if(sumproduct((Colles!$A$2:$A$97=$A49),(Colles!E$2:E$97=$B49),(Colles!$B$2:$B$97))>0,sumproduct((Colles!$A$2:$A$97=$A49),(Colles!E$2:E$97=$B49),(Colles!$B$2:$B$97)),"") -> 7 | J49: =if(sumproduct((Colles!$A$2:$A$97=$A49),(Colles!F$2:F$97=$B49),(Colles!$B$2:$B$97))>0,sumproduct((Colles!$A$2:$A$97=$A49),(Colles!F$2:F$97=$B49),(Colles!$B$2:$B$97)),"") -> 16 | K49: =if(sumproduct((Colles!$A$2:$A$97=$A49),(Colles!G$2:G$97=$B49),(Colles!$B$2:$B$97))>0,sumproduct((Colles!$A$2:$A$97=$A49),(Colles!G$2:G$97=$B49),(Colles!$B$2:$B$97)),"") -> 1 | M49: =if(sumproduct((Colles!$A$2:$A$97=$A49),(Colles!I$2:I$97=$B49),(Colles!$B$2:$B$97))>0,sumproduct((Colles!$A$2:$A$97=$A49),(Colles!I$2:I$97=$B49),(Colles!$B$2:$B$97)),"") -> 8 | N49: =if(sumproduct((Colles!$A$2:$A$97=$A49),(Colles!J$2:J$97=$B49),(Colles!$B$2:$B$97))>0,sumproduct((Colles!$A$2:$A$97=$A49),(Colles!J$2:J$97=$B49),(Colles!$B$2:$B$97)),"") -> 15 | O49: =if(sumproduct((Colles!$A$2:$A$97=$A49),(Colles!K$2:K$97=$B49),(Colles!$B$2:$B$97))>0,sumproduct((Colles!$A$2:$A$97=$A49),(Colles!K$2:K$97=$B49),(Colles!$B$2:$B$97)),"") -> 12 | P49: =if(sumproduct((Colles!$A$2:$A$97=$A49),(Colles!L$2:L$97=$B49),(Colles!$B$2:$B$97))>0,sumproduct((Colles!$A$2:$A$97=$A49),(Colles!L$2:L$97=$B49),(Colles!$B$2:$B$97)),"") -> 9 | Q49: =if(sumproduct((Colles!$A$2:$A$97=$A49),(Colles!M$2:M$97=$B49),(Colles!$B$2:$B$97))>0,sumproduct((Colles!$A$2:$A$97=$A49),(Colles!M$2:M$97=$B49),(Colles!$B$2:$B$97)),"") -> 8 | R49: =if(sumproduct((Colles!$A$2:$A$97=$A49),(Colles!N$2:N$97=$B49),(Colles!$B$2:$B$97))>0,sumproduct((Colles!$A$2:$A$97=$A49),(Colles!N$2:N$97=$B49),(Colles!$B$2:$B$97)),"") -> 7 | S49: =if(sumproduct((Colles!$A$2:$A$97=$A49),(Colles!O$2:O$97=$B49),(Colles!$B$2:$B$97))>0,sumproduct((Colles!$A$2:$A$97=$A49),(Colles!O$2:O$97=$B49),(Colles!$B$2:$B$97)),"") -> 2 | U49: =if(sumproduct((Colles!$A$2:$A$97=$A49),(Colles!Q$2:Q$97=$B49),(Colles!$B$2:$B$97))>0,sumproduct((Colles!$A$2:$A$97=$A49),(Colles!Q$2:Q$97=$B49),(Colles!$B$2:$B$97)),"") | V49: =if(sumproduct((Colles!$A$2:$A$97=$A49),(Colles!R$2:R$97=$B49),(Colles!$B$2:$B$97))>0,sumproduct((Colles!$A$2:$A$97=$A49),(Colles!R$2:R$97=$B49),(Colles!$B$2:$B$97)),"") -> 1 | W49: =if(sumproduct((Colles!$A$2:$A$97=$A49),(Colles!S$2:S$97=$B49),(Colles!$B$2:$B$97))>0,sumproduct((Colles!$A$2:$A$97=$A49),(Colles!S$2:S$97=$B49),(Colles!$B$2:$B$97)),"") -> 10 | Y49: =Y48 -> 11 | Z49: {=IF(ISERROR(ADDRESS(SUMPRODUCT('Trinômes'!$B$2:$B$48=Y49,'Trinômes'!$C$2:$C$48=COUNTIF(Y$21:Y49,"="&Y49)-1 ,ROW('Trinômes'!$A$2:$A$48)),COLUMN('Trinômes'!$A$1)-COLUMN('Trinômes'!$A$1)+1)),"",indirect("Trinômes!"&ADDRESS(SUMPRODUCT('Trinômes'!$B$2:$B$48=Y49,'Trinômes'!$C$2:$C$48=COUNTIF(Y$21:Y49,"="&Y49)-1 ,ROW('Trinômes'!$A$2:$A$48)),COLUMN('Trinômes'!$A$1)-COLUMN('Trinômes'!$A$1)+1)))} -> PHILIPPOT Ilian | AA49: =AA48 -> 12 | AB49: {=IF(ISERROR(ADDRESS(SUMPRODUCT('Trinômes'!$B$2:$B$48=AA49,'Trinômes'!$C$2:$C$48=COUNTIF(AA$21:AA49,"="&AA49)-1 ,ROW('Trinômes'!$A$2:$A$48)),COLUMN('Trinômes'!$A$1)-COLUMN('Trinômes'!$A$1)+1)),"",indirect("Trinômes!"&ADDRESS(SUMPRODUCT('Trinômes'!$B$2:$B$48=AA49,'Trinômes'!$C$2:$C$48=COUNTIF(AA$21:AA49,"="&AA49)-1 ,ROW('Trinômes'!$A$2:$A$48)),COLUMN('Trinômes'!$A$1)-COLUMN('Trinômes'!$A$1)+1)))} -> RAKOTOARIVELO Yann
C50: =A51 -> Chimie | Y50: =Y49 -> 11 | AA50: =AA49 -> 12
A51: ='Créneaux'!I26 -> Chimie | B51: ='Créneaux'!J26 -> 1 | C51: ='Créneaux'!K26 -> M. Hansen | D51: =switch('Créneaux'!L26,0,"Lundi",1,"Mardi",2,"Mercredi",3,"Jeudi",4,"Vendredi") -> Mardi | E51: ='Créneaux'!M26&"h" -> 17h | F51: ='Créneaux'!N26 -> Prépa 22 | G51: =if(sumproduct((Colles!$A$2:$A$97=$A51),(Colles!C$2:C$97=$B51),(Colles!$B$2:$B$97))>0,sumproduct((Colles!$A$2:$A$97=$A51),(Colles!C$2:C$97=$B51),(Colles!$B$2:$B$97)),"") | H51: =if(sumproduct((Colles!$A$2:$A$97=$A51),(Colles!D$2:D$97=$B51),(Colles!$B$2:$B$97))>0,sumproduct((Colles!$A$2:$A$97=$A51),(Colles!D$2:D$97=$B51),(Colles!$B$2:$B$97)),"") -> 16 | I51: =if(sumproduct((Colles!$A$2:$A$97=$A51),(Colles!E$2:E$97=$B51),(Colles!$B$2:$B$97))>0,sumproduct((Colles!$A$2:$A$97=$A51),(Colles!E$2:E$97=$B51),(Colles!$B$2:$B$97)),"") -> 15 | J51: =if(sumproduct((Colles!$A$2:$A$97=$A51),(Colles!F$2:F$97=$B51),(Colles!$B$2:$B$97))>0,sumproduct((Colles!$A$2:$A$97=$A51),(Colles!F$2:F$97=$B51),(Colles!$B$2:$B$97)),"") -> 10 | K51: =if(sumproduct((Colles!$A$2:$A$97=$A51),(Colles!G$2:G$97=$B51),(Colles!$B$2:$B$97))>0,sumproduct((Colles!$A$2:$A$97=$A51),(Colles!G$2:G$97=$B51),(Colles!$B$2:$B$97)),"") -> 9 | M51: =if(sumproduct((Colles!$A$2:$A$97=$A51),(Colles!I$2:I$97=$B51),(Colles!$B$2:$B$97))>0,sumproduct((Colles!$A$2:$A$97=$A51),(Colles!I$2:I$97=$B51),(Colles!$B$2:$B$97)),"") -> 2 | N51: =if(sumproduct((Colles!$A$2:$A$97=$A51),(Colles!J$2:J$97=$B51),(Colles!$B$2:$B$97))>0,sumproduct((Colles!$A$2:$A$97=$A51),(Colles!J$2:J$97=$B51),(Colles!$B$2:$B$97)),"") -> 3 | O51: =if(sumproduct((Colles!$A$2:$A$97=$A51),(Colles!K$2:K$97=$B51),(Colles!$B$2:$B$97))>0,sumproduct((Colles!$A$2:$A$97=$A51),(Colles!K$2:K$97=$B51),(Colles!$B$2:$B$97)),"") -> 8 | P51: =if(sumproduct((Colles!$A$2:$A$97=$A51),(Colles!L$2:L$97=$B51),(Colles!$B$2:$B$97))>0,sumproduct((Colles!$A$2:$A$97=$A51),(Colles!L$2:L$97=$B51),(Colles!$B$2:$B$97)),"") -> 1 | Q51: =if(sumproduct((Colles!$A$2:$A$97=$A51),(Colles!M$2:M$97=$B51),(Colles!$B$2:$B$97))>0,sumproduct((Colles!$A$2:$A$97=$A51),(Colles!M$2:M$97=$B51),(Colles!$B$2:$B$97)),"") -> 4 | R51: =if(sumproduct((Colles!$A$2:$A$97=$A51),(Colles!N$2:N$97=$B51),(Colles!$B$2:$B$97))>0,sumproduct((Colles!$A$2:$A$97=$A51),(Colles!N$2:N$97=$B51),(Colles!$B$2:$B$97)),"") -> 5 | S51: =if(sumproduct((Colles!$A$2:$A$97=$A51),(Colles!O$2:O$97=$B51),(Colles!$B$2:$B$97))>0,sumproduct((Colles!$A$2:$A$97=$A51),(Colles!O$2:O$97=$B51),(Colles!$B$2:$B$97)),"") -> 10 | U51: =if(sumproduct((Colles!$A$2:$A$97=$A51),(Colles!Q$2:Q$97=$B51),(Colles!$B$2:$B$97))>0,sumproduct((Colles!$A$2:$A$97=$A51),(Colles!Q$2:Q$97=$B51),(Colles!$B$2:$B$97)),"") | V51: =if(sumproduct((Colles!$A$2:$A$97=$A51),(Colles!R$2:R$97=$B51),(Colles!$B$2:$B$97))>0,sumproduct((Colles!$A$2:$A$97=$A51),(Colles!R$2:R$97=$B51),(Colles!$B$2:$B$97)),"") -> 7 | W51: =if(sumproduct((Colles!$A$2:$A$97=$A51),(Colles!S$2:S$97=$B51),(Colles!$B$2:$B$97))>0,sumproduct((Colles!$A$2:$A$97=$A51),(Colles!S$2:S$97=$B51),(Colles!$B$2:$B$97)),"") -> 14 | Y51: =AA46+1 -> 13 | Z51: =Y51&IF(SUMPRODUCT('Trinômes'!$A$2:$A$48=Z52,'Trinômes'!$D$2:$D$48<>0)+SUMPRODUCT('Trinômes'!$A$2:$A$48=Z53,'Trinômes'!$D$2:$D$48<>0)+SUMPRODUCT('Trinômes'!$A$2:$A$48=Z54,'Trinômes'!$D$2:$D$48<>0)>0," – LV2","") -> 13 | AA51: =Y51+1 -> 14 | AB51: =AA51&IF(SUMPRODUCT('Trinômes'!$A$2:$A$48=AB52,'Trinômes'!$D$2:$D$48<>0)+SUMPRODUCT('Trinômes'!$A$2:$A$48=AB53,'Trinômes'!$D$2:$D$48<>0)+SUMPRODUCT('Trinômes'!$A$2:$A$48=AB54,'Trinômes'!$D$2:$D$48<>0)>0," – LV2","") -> 14
A52: ='Créneaux'!I27 -> Chimie | B52: ='Créneaux'!J27 -> 2 | C52: ='Créneaux'!K27 -> M. Hansen | D52: =switch('Créneaux'!L27,0,"Lundi",1,"Mardi",2,"Mercredi",3,"Jeudi",4,"Vendredi") -> Mardi | E52: ='Créneaux'!M27&"h" -> 18h | F52: ='Créneaux'!N27 -> Prépa 22 | G52: =if(sumproduct((Colles!$A$2:$A$97=$A52),(Colles!C$2:C$97=$B52),(Colles!$B$2:$B$97))>0,sumproduct((Colles!$A$2:$A$97=$A52),(Colles!C$2:C$97=$B52),(Colles!$B$2:$B$97)),"") | H52: =if(sumproduct((Colles!$A$2:$A$97=$A52),(Colles!D$2:D$97=$B52),(Colles!$B$2:$B$97))>0,sumproduct((Colles!$A$2:$A$97=$A52),(Colles!D$2:D$97=$B52),(Colles!$B$2:$B$97)),"") -> 14 | I52: =if(sumproduct((Colles!$A$2:$A$97=$A52),(Colles!E$2:E$97=$B52),(Colles!$B$2:$B$97))>0,sumproduct((Colles!$A$2:$A$97=$A52),(Colles!E$2:E$97=$B52),(Colles!$B$2:$B$97)),"") -> 13 | J52: =if(sumproduct((Colles!$A$2:$A$97=$A52),(Colles!F$2:F$97=$B52),(Colles!$B$2:$B$97))>0,sumproduct((Colles!$A$2:$A$97=$A52),(Colles!F$2:F$97=$B52),(Colles!$B$2:$B$97)),"") -> 12 | K52: =if(sumproduct((Colles!$A$2:$A$97=$A52),(Colles!G$2:G$97=$B52),(Colles!$B$2:$B$97))>0,sumproduct((Colles!$A$2:$A$97=$A52),(Colles!G$2:G$97=$B52),(Colles!$B$2:$B$97)),"") -> 11 | M52: =if(sumproduct((Colles!$A$2:$A$97=$A52),(Colles!I$2:I$97=$B52),(Colles!$B$2:$B$97))>0,sumproduct((Colles!$A$2:$A$97=$A52),(Colles!I$2:I$97=$B52),(Colles!$B$2:$B$97)),"") -> 6 | N52: =if(sumproduct((Colles!$A$2:$A$97=$A52),(Colles!J$2:J$97=$B52),(Colles!$B$2:$B$97))>0,sumproduct((Colles!$A$2:$A$97=$A52),(Colles!J$2:J$97=$B52),(Colles!$B$2:$B$97)),"") -> 5 | O52: =if(sumproduct((Colles!$A$2:$A$97=$A52),(Colles!K$2:K$97=$B52),(Colles!$B$2:$B$97))>0,sumproduct((Colles!$A$2:$A$97=$A52),(Colles!K$2:K$97=$B52),(Colles!$B$2:$B$97)),"") -> 10 | P52: =if(sumproduct((Colles!$A$2:$A$97=$A52),(Colles!L$2:L$97=$B52),(Colles!$B$2:$B$97))>0,sumproduct((Colles!$A$2:$A$97=$A52),(Colles!L$2:L$97=$B52),(Colles!$B$2:$B$97)),"") -> 3 | Q52: =if(sumproduct((Colles!$A$2:$A$97=$A52),(Colles!M$2:M$97=$B52),(Colles!$B$2:$B$97))>0,sumproduct((Colles!$A$2:$A$97=$A52),(Colles!M$2:M$97=$B52),(Colles!$B$2:$B$97)),"") -> 16 | R52: =if(sumproduct((Colles!$A$2:$A$97=$A52),(Colles!N$2:N$97=$B52),(Colles!$B$2:$B$97))>0,sumproduct((Colles!$A$2:$A$97=$A52),(Colles!N$2:N$97=$B52),(Colles!$B$2:$B$97)),"") -> 1 | S52: =if(sumproduct((Colles!$A$2:$A$97=$A52),(Colles!O$2:O$97=$B52),(Colles!$B$2:$B$97))>0,sumproduct((Colles!$A$2:$A$97=$A52),(Colles!O$2:O$97=$B52),(Colles!$B$2:$B$97)),"") -> 12 | U52: =if(sumproduct((Colles!$A$2:$A$97=$A52),(Colles!Q$2:Q$97=$B52),(Colles!$B$2:$B$97))>0,sumproduct((Colles!$A$2:$A$97=$A52),(Colles!Q$2:Q$97=$B52),(Colles!$B$2:$B$97)),"") | V52: =if(sumproduct((Colles!$A$2:$A$97=$A52),(Colles!R$2:R$97=$B52),(Colles!$B$2:$B$97))>0,sumproduct((Colles!$A$2:$A$97=$A52),(Colles!R$2:R$97=$B52),(Colles!$B$2:$B$97)),"") -> 3 | W52: =if(sumproduct((Colles!$A$2:$A$97=$A52),(Colles!S$2:S$97=$B52),(Colles!$B$2:$B$97))>0,sumproduct((Colles!$A$2:$A$97=$A52),(Colles!S$2:S$97=$B52),(Colles!$B$2:$B$97)),"") -> 2 | Y52: =Y51 -> 13 | Z52: {=IF(ISERROR(ADDRESS(SUMPRODUCT('Trinômes'!$B$2:$B$48=Y52,'Trinômes'!$C$2:$C$48=COUNTIF(Y$21:Y52,"="&Y52)-1 ,ROW('Trinômes'!$A$2:$A$48)),COLUMN('Trinômes'!$A$1)-COLUMN('Trinômes'!$A$1)+1)),"",indirect("Trinômes!"&ADDRESS(SUMPRODUCT('Trinômes'!$B$2:$B$48=Y52,'Trinômes'!$C$2:$C$48=COUNTIF(Y$21:Y52,"="&Y52)-1 ,ROW('Trinômes'!$A$2:$A$48)),COLUMN('Trinômes'!$A$1)-COLUMN('Trinômes'!$A$1)+1)))} -> RASTORGUEFF-RAYBAUD Bastien | AA52: =AA51 -> 14 | AB52: {=IF(ISERROR(ADDRESS(SUMPRODUCT('Trinômes'!$B$2:$B$48=AA52,'Trinômes'!$C$2:$C$48=COUNTIF(AA$21:AA52,"="&AA52)-1 ,ROW('Trinômes'!$A$2:$A$48)),COLUMN('Trinômes'!$A$1)-COLUMN('Trinômes'!$A$1)+1)),"",indirect("Trinômes!"&ADDRESS(SUMPRODUCT('Trinômes'!$B$2:$B$48=AA52,'Trinômes'!$C$2:$C$48=COUNTIF(AA$21:AA52,"="&AA52)-1 ,ROW('Trinômes'!$A$2:$A$48)),COLUMN('Trinômes'!$A$1)-COLUMN('Trinômes'!$A$1)+1)))} -> RUAULT Marilou
A53: ='Créneaux'!I28 -> Chimie | B53: ='Créneaux'!J28 -> 3 | C53: ='Créneaux'!K28 -> M. Roisin | D53: =switch('Créneaux'!L28,0,"Lundi",1,"Mardi",2,"Mercredi",3,"Jeudi",4,"Vendredi") -> Jeudi | E53: ='Créneaux'!M28&"h" -> 14h | F53: ='Créneaux'!N28 -> K22 | G53: =if(sumproduct((Colles!$A$2:$A$97=$A53),(Colles!C$2:C$97=$B53),(Colles!$B$2:$B$97))>0,sumproduct((Colles!$A$2:$A$97=$A53),(Colles!C$2:C$97=$B53),(Colles!$B$2:$B$97)),"") | H53: =if(sumproduct((Colles!$A$2:$A$97=$A53),(Colles!D$2:D$97=$B53),(Colles!$B$2:$B$97))>0,sumproduct((Colles!$A$2:$A$97=$A53),(Colles!D$2:D$97=$B53),(Colles!$B$2:$B$97)),"") -> 4 | I53: =if(sumproduct((Colles!$A$2:$A$97=$A53),(Colles!E$2:E$97=$B53),(Colles!$B$2:$B$97))>0,sumproduct((Colles!$A$2:$A$97=$A53),(Colles!E$2:E$97=$B53),(Colles!$B$2:$B$97)),"") -> 1 | J53: =if(sumproduct((Colles!$A$2:$A$97=$A53),(Colles!F$2:F$97=$B53),(Colles!$B$2:$B$97))>0,sumproduct((Colles!$A$2:$A$97=$A53),(Colles!F$2:F$97=$B53),(Colles!$B$2:$B$97)),"") -> 6 | K53: =if(sumproduct((Colles!$A$2:$A$97=$A53),(Colles!G$2:G$97=$B53),(Colles!$B$2:$B$97))>0,sumproduct((Colles!$A$2:$A$97=$A53),(Colles!G$2:G$97=$B53),(Colles!$B$2:$B$97)),"") -> 15 | M53: =if(sumproduct((Colles!$A$2:$A$97=$A53),(Colles!I$2:I$97=$B53),(Colles!$B$2:$B$97))>0,sumproduct((Colles!$A$2:$A$97=$A53),(Colles!I$2:I$97=$B53),(Colles!$B$2:$B$97)),"") -> 10 | N53: =if(sumproduct((Colles!$A$2:$A$97=$A53),(Colles!J$2:J$97=$B53),(Colles!$B$2:$B$97))>0,sumproduct((Colles!$A$2:$A$97=$A53),(Colles!J$2:J$97=$B53),(Colles!$B$2:$B$97)),"") -> 13 | O53: =if(sumproduct((Colles!$A$2:$A$97=$A53),(Colles!K$2:K$97=$B53),(Colles!$B$2:$B$97))>0,sumproduct((Colles!$A$2:$A$97=$A53),(Colles!K$2:K$97=$B53),(Colles!$B$2:$B$97)),"") -> 14 | P53: =if(sumproduct((Colles!$A$2:$A$97=$A53),(Colles!L$2:L$97=$B53),(Colles!$B$2:$B$97))>0,sumproduct((Colles!$A$2:$A$97=$A53),(Colles!L$2:L$97=$B53),(Colles!$B$2:$B$97)),"") -> 11 | Q53: =if(sumproduct((Colles!$A$2:$A$97=$A53),(Colles!M$2:M$97=$B53),(Colles!$B$2:$B$97))>0,sumproduct((Colles!$A$2:$A$97=$A53),(Colles!M$2:M$97=$B53),(Colles!$B$2:$B$97)),"") -> 2 | R53: =if(sumproduct((Colles!$A$2:$A$97=$A53),(Colles!N$2:N$97=$B53),(Colles!$B$2:$B$97))>0,sumproduct((Colles!$A$2:$A$97=$A53),(Colles!N$2:N$97=$B53),(Colles!$B$2:$B$97)),"") -> 3 | S53: =if(sumproduct((Colles!$A$2:$A$97=$A53),(Colles!O$2:O$97=$B53),(Colles!$B$2:$B$97))>0,sumproduct((Colles!$A$2:$A$97=$A53),(Colles!O$2:O$97=$B53),(Colles!$B$2:$B$97)),"") -> 4 | U53: =if(sumproduct((Colles!$A$2:$A$97=$A53),(Colles!Q$2:Q$97=$B53),(Colles!$B$2:$B$97))>0,sumproduct((Colles!$A$2:$A$97=$A53),(Colles!Q$2:Q$97=$B53),(Colles!$B$2:$B$97)),"") | V53: =if(sumproduct((Colles!$A$2:$A$97=$A53),(Colles!R$2:R$97=$B53),(Colles!$B$2:$B$97))>0,sumproduct((Colles!$A$2:$A$97=$A53),(Colles!R$2:R$97=$B53),(Colles!$B$2:$B$97)),"") -> 5 | W53: =if(sumproduct((Colles!$A$2:$A$97=$A53),(Colles!S$2:S$97=$B53),(Colles!$B$2:$B$97))>0,sumproduct((Colles!$A$2:$A$97=$A53),(Colles!S$2:S$97=$B53),(Colles!$B$2:$B$97)),"") -> 6 | Y53: =Y52 -> 13 | Z53: {=IF(ISERROR(ADDRESS(SUMPRODUCT('Trinômes'!$B$2:$B$48=Y53,'Trinômes'!$C$2:$C$48=COUNTIF(Y$21:Y53,"="&Y53)-1 ,ROW('Trinômes'!$A$2:$A$48)),COLUMN('Trinômes'!$A$1)-COLUMN('Trinômes'!$A$1)+1)),"",indirect("Trinômes!"&ADDRESS(SUMPRODUCT('Trinômes'!$B$2:$B$48=Y53,'Trinômes'!$C$2:$C$48=COUNTIF(Y$21:Y53,"="&Y53)-1 ,ROW('Trinômes'!$A$2:$A$48)),COLUMN('Trinômes'!$A$1)-COLUMN('Trinômes'!$A$1)+1)))} -> RAZANAJAO Lucas | AA53: =AA52 -> 14 | AB53: {=IF(ISERROR(ADDRESS(SUMPRODUCT('Trinômes'!$B$2:$B$48=AA53,'Trinômes'!$C$2:$C$48=COUNTIF(AA$21:AA53,"="&AA53)-1 ,ROW('Trinômes'!$A$2:$A$48)),COLUMN('Trinômes'!$A$1)-COLUMN('Trinômes'!$A$1)+1)),"",indirect("Trinômes!"&ADDRESS(SUMPRODUCT('Trinômes'!$B$2:$B$48=AA53,'Trinômes'!$C$2:$C$48=COUNTIF(AA$21:AA53,"="&AA53)-1 ,ROW('Trinômes'!$A$2:$A$48)),COLUMN('Trinômes'!$A$1)-COLUMN('Trinômes'!$A$1)+1)))} -> THAERON Helena
A54: ='Créneaux'!I29 -> Chimie | B54: ='Créneaux'!J29 -> 4 | C54: ='Créneaux'!K29 -> M. Jean | D54: =switch('Créneaux'!L29,0,"Lundi",1,"Mardi",2,"Mercredi",3,"Jeudi",4,"Vendredi") -> Vendredi | E54: ='Créneaux'!M29&"h" -> 16h | F54: ='Créneaux'!N29 -> K24 | G54: =if(sumproduct((Colles!$A$2:$A$97=$A54),(Colles!C$2:C$97=$B54),(Colles!$B$2:$B$97))>0,sumproduct((Colles!$A$2:$A$97=$A54),(Colles!C$2:C$97=$B54),(Colles!$B$2:$B$97)),"") | H54: =if(sumproduct((Colles!$A$2:$A$97=$A54),(Colles!D$2:D$97=$B54),(Colles!$B$2:$B$97))>0,sumproduct((Colles!$A$2:$A$97=$A54),(Colles!D$2:D$97=$B54),(Colles!$B$2:$B$97)),"") -> 10 | I54: =if(sumproduct((Colles!$A$2:$A$97=$A54),(Colles!E$2:E$97=$B54),(Colles!$B$2:$B$97))>0,sumproduct((Colles!$A$2:$A$97=$A54),(Colles!E$2:E$97=$B54),(Colles!$B$2:$B$97)),"") -> 11 | J54: =if(sumproduct((Colles!$A$2:$A$97=$A54),(Colles!F$2:F$97=$B54),(Colles!$B$2:$B$97))>0,sumproduct((Colles!$A$2:$A$97=$A54),(Colles!F$2:F$97=$B54),(Colles!$B$2:$B$97)),"") -> 14 | K54: =if(sumproduct((Colles!$A$2:$A$97=$A54),(Colles!G$2:G$97=$B54),(Colles!$B$2:$B$97))>0,sumproduct((Colles!$A$2:$A$97=$A54),(Colles!G$2:G$97=$B54),(Colles!$B$2:$B$97)),"") -> 13 | M54: =if(sumproduct((Colles!$A$2:$A$97=$A54),(Colles!I$2:I$97=$B54),(Colles!$B$2:$B$97))>0,sumproduct((Colles!$A$2:$A$97=$A54),(Colles!I$2:I$97=$B54),(Colles!$B$2:$B$97)),"") -> 12 | N54: =if(sumproduct((Colles!$A$2:$A$97=$A54),(Colles!J$2:J$97=$B54),(Colles!$B$2:$B$97))>0,sumproduct((Colles!$A$2:$A$97=$A54),(Colles!J$2:J$97=$B54),(Colles!$B$2:$B$97)),"") -> 7 | O54: =if(sumproduct((Colles!$A$2:$A$97=$A54),(Colles!K$2:K$97=$B54),(Colles!$B$2:$B$97))>0,sumproduct((Colles!$A$2:$A$97=$A54),(Colles!K$2:K$97=$B54),(Colles!$B$2:$B$97)),"") -> 2 | P54: =if(sumproduct((Colles!$A$2:$A$97=$A54),(Colles!L$2:L$97=$B54),(Colles!$B$2:$B$97))>0,sumproduct((Colles!$A$2:$A$97=$A54),(Colles!L$2:L$97=$B54),(Colles!$B$2:$B$97)),"") -> 15 | Q54: =if(sumproduct((Colles!$A$2:$A$97=$A54),(Colles!M$2:M$97=$B54),(Colles!$B$2:$B$97))>0,sumproduct((Colles!$A$2:$A$97=$A54),(Colles!M$2:M$97=$B54),(Colles!$B$2:$B$97)),"") -> 10 | R54: =if(sumproduct((Colles!$A$2:$A$97=$A54),(Colles!N$2:N$97=$B54),(Colles!$B$2:$B$97))>0,sumproduct((Colles!$A$2:$A$97=$A54),(Colles!N$2:N$97=$B54),(Colles!$B$2:$B$97)),"") -> 9 | S54: =if(sumproduct((Colles!$A$2:$A$97=$A54),(Colles!O$2:O$97=$B54),(Colles!$B$2:$B$97))>0,sumproduct((Colles!$A$2:$A$97=$A54),(Colles!O$2:O$97=$B54),(Colles!$B$2:$B$97)),"") -> 6 | U54: =if(sumproduct((Colles!$A$2:$A$97=$A54),(Colles!Q$2:Q$97=$B54),(Colles!$B$2:$B$97))>0,sumproduct((Colles!$A$2:$A$97=$A54),(Colles!Q$2:Q$97=$B54),(Colles!$B$2:$B$97)),"") | V54: =if(sumproduct((Colles!$A$2:$A$97=$A54),(Colles!R$2:R$97=$B54),(Colles!$B$2:$B$97))>0,sumproduct((Colles!$A$2:$A$97=$A54),(Colles!R$2:R$97=$B54),(Colles!$B$2:$B$97)),"") -> 11 | W54: =if(sumproduct((Colles!$A$2:$A$97=$A54),(Colles!S$2:S$97=$B54),(Colles!$B$2:$B$97))>0,sumproduct((Colles!$A$2:$A$97=$A54),(Colles!S$2:S$97=$B54),(Colles!$B$2:$B$97)),"") -> 4 | Y54: =Y53 -> 13 | Z54: {=IF(ISERROR(ADDRESS(SUMPRODUCT('Trinômes'!$B$2:$B$48=Y54,'Trinômes'!$C$2:$C$48=COUNTIF(Y$21:Y54,"="&Y54)-1 ,ROW('Trinômes'!$A$2:$A$48)),COLUMN('Trinômes'!$A$1)-COLUMN('Trinômes'!$A$1)+1)),"",indirect("Trinômes!"&ADDRESS(SUMPRODUCT('Trinômes'!$B$2:$B$48=Y54,'Trinômes'!$C$2:$C$48=COUNTIF(Y$21:Y54,"="&Y54)-1 ,ROW('Trinômes'!$A$2:$A$48)),COLUMN('Trinômes'!$A$1)-COLUMN('Trinômes'!$A$1)+1)))} -> REBUFFEL Augustine | AA54: =AA53 -> 14 | AB54: {=IF(ISERROR(ADDRESS(SUMPRODUCT('Trinômes'!$B$2:$B$48=AA54,'Trinômes'!$C$2:$C$48=COUNTIF(AA$21:AA54,"="&AA54)-1 ,ROW('Trinômes'!$A$2:$A$48)),COLUMN('Trinômes'!$A$1)-COLUMN('Trinômes'!$A$1)+1)),"",indirect("Trinômes!"&ADDRESS(SUMPRODUCT('Trinômes'!$B$2:$B$48=AA54,'Trinômes'!$C$2:$C$48=COUNTIF(AA$21:AA54,"="&AA54)-1 ,ROW('Trinômes'!$A$2:$A$48)),COLUMN('Trinômes'!$A$1)-COLUMN('Trinômes'!$A$1)+1)))} -> VIEILLARD BARON Lubin
A55: ='Créneaux'!I30 -> Chimie | B55: ='Créneaux'!J30 -> 5 | C55: ='Créneaux'!K30 -> M. Jean | D55: =switch('Créneaux'!L30,0,"Lundi",1,"Mardi",2,"Mercredi",3,"Jeudi",4,"Vendredi") -> Vendredi | E55: ='Créneaux'!M30&"h" -> 18h | F55: ='Créneaux'!N30 -> K24 | G55: =if(sumproduct((Colles!$A$2:$A$97=$A55),(Colles!C$2:C$97=$B55),(Colles!$B$2:$B$97))>0,sumproduct((Colles!$A$2:$A$97=$A55),(Colles!C$2:C$97=$B55),(Colles!$B$2:$B$97)),"") | H55: =if(sumproduct((Colles!$A$2:$A$97=$A55),(Colles!D$2:D$97=$B55),(Colles!$B$2:$B$97))>0,sumproduct((Colles!$A$2:$A$97=$A55),(Colles!D$2:D$97=$B55),(Colles!$B$2:$B$97)),"") -> 6 | I55: =if(sumproduct((Colles!$A$2:$A$97=$A55),(Colles!E$2:E$97=$B55),(Colles!$B$2:$B$97))>0,sumproduct((Colles!$A$2:$A$97=$A55),(Colles!E$2:E$97=$B55),(Colles!$B$2:$B$97)),"") -> 7 | J55: =if(sumproduct((Colles!$A$2:$A$97=$A55),(Colles!F$2:F$97=$B55),(Colles!$B$2:$B$97))>0,sumproduct((Colles!$A$2:$A$97=$A55),(Colles!F$2:F$97=$B55),(Colles!$B$2:$B$97)),"") -> 16 | K55: =if(sumproduct((Colles!$A$2:$A$97=$A55),(Colles!G$2:G$97=$B55),(Colles!$B$2:$B$97))>0,sumproduct((Colles!$A$2:$A$97=$A55),(Colles!G$2:G$97=$B55),(Colles!$B$2:$B$97)),"") -> 1 | M55: =if(sumproduct((Colles!$A$2:$A$97=$A55),(Colles!I$2:I$97=$B55),(Colles!$B$2:$B$97))>0,sumproduct((Colles!$A$2:$A$97=$A55),(Colles!I$2:I$97=$B55),(Colles!$B$2:$B$97)),"") -> 8 | N55: =if(sumproduct((Colles!$A$2:$A$97=$A55),(Colles!J$2:J$97=$B55),(Colles!$B$2:$B$97))>0,sumproduct((Colles!$A$2:$A$97=$A55),(Colles!J$2:J$97=$B55),(Colles!$B$2:$B$97)),"") -> 15 | O55: =if(sumproduct((Colles!$A$2:$A$97=$A55),(Colles!K$2:K$97=$B55),(Colles!$B$2:$B$97))>0,sumproduct((Colles!$A$2:$A$97=$A55),(Colles!K$2:K$97=$B55),(Colles!$B$2:$B$97)),"") -> 12 | P55: =if(sumproduct((Colles!$A$2:$A$97=$A55),(Colles!L$2:L$97=$B55),(Colles!$B$2:$B$97))>0,sumproduct((Colles!$A$2:$A$97=$A55),(Colles!L$2:L$97=$B55),(Colles!$B$2:$B$97)),"") -> 9 | Q55: =if(sumproduct((Colles!$A$2:$A$97=$A55),(Colles!M$2:M$97=$B55),(Colles!$B$2:$B$97))>0,sumproduct((Colles!$A$2:$A$97=$A55),(Colles!M$2:M$97=$B55),(Colles!$B$2:$B$97)),"") -> 8 | R55: =if(sumproduct((Colles!$A$2:$A$97=$A55),(Colles!N$2:N$97=$B55),(Colles!$B$2:$B$97))>0,sumproduct((Colles!$A$2:$A$97=$A55),(Colles!N$2:N$97=$B55),(Colles!$B$2:$B$97)),"") -> 7 | S55: =if(sumproduct((Colles!$A$2:$A$97=$A55),(Colles!O$2:O$97=$B55),(Colles!$B$2:$B$97))>0,sumproduct((Colles!$A$2:$A$97=$A55),(Colles!O$2:O$97=$B55),(Colles!$B$2:$B$97)),"") -> 2 | U55: =if(sumproduct((Colles!$A$2:$A$97=$A55),(Colles!Q$2:Q$97=$B55),(Colles!$B$2:$B$97))>0,sumproduct((Colles!$A$2:$A$97=$A55),(Colles!Q$2:Q$97=$B55),(Colles!$B$2:$B$97)),"") | V55: =if(sumproduct((Colles!$A$2:$A$97=$A55),(Colles!R$2:R$97=$B55),(Colles!$B$2:$B$97))>0,sumproduct((Colles!$A$2:$A$97=$A55),(Colles!R$2:R$97=$B55),(Colles!$B$2:$B$97)),"") -> 1 | W55: =if(sumproduct((Colles!$A$2:$A$97=$A55),(Colles!S$2:S$97=$B55),(Colles!$B$2:$B$97))>0,sumproduct((Colles!$A$2:$A$97=$A55),(Colles!S$2:S$97=$B55),(Colles!$B$2:$B$97)),"") -> 10 | Y55: =Y54 -> 13 | AA55: =AA54 -> 14
A56: ='Créneaux'!I31 -> Chimie | B56: ='Créneaux'!J31 -> 6 | C56: ='Créneaux'!K31 -> Mme Bacchelli | D56: =switch('Créneaux'!L31,0,"Lundi",1,"Mardi",2,"Mercredi",3,"Jeudi",4,"Vendredi") -> Vendredi | E56: ='Créneaux'!M31&"h" -> 16h | F56: ='Créneaux'!N31 -> K23 | G56: =if(sumproduct((Colles!$A$2:$A$97=$A56),(Colles!C$2:C$97=$B56),(Colles!$B$2:$B$97))>0,sumproduct((Colles!$A$2:$A$97=$A56),(Colles!C$2:C$97=$B56),(Colles!$B$2:$B$97)),"") | H56: =if(sumproduct((Colles!$A$2:$A$97=$A56),(Colles!D$2:D$97=$B56),(Colles!$B$2:$B$97))>0,sumproduct((Colles!$A$2:$A$97=$A56),(Colles!D$2:D$97=$B56),(Colles!$B$2:$B$97)),"") -> 12 | I56: =if(sumproduct((Colles!$A$2:$A$97=$A56),(Colles!E$2:E$97=$B56),(Colles!$B$2:$B$97))>0,sumproduct((Colles!$A$2:$A$97=$A56),(Colles!E$2:E$97=$B56),(Colles!$B$2:$B$97)),"") -> 5 | J56: =if(sumproduct((Colles!$A$2:$A$97=$A56),(Colles!F$2:F$97=$B56),(Colles!$B$2:$B$97))>0,sumproduct((Colles!$A$2:$A$97=$A56),(Colles!F$2:F$97=$B56),(Colles!$B$2:$B$97)),"") -> 4 | K56: =if(sumproduct((Colles!$A$2:$A$97=$A56),(Colles!G$2:G$97=$B56),(Colles!$B$2:$B$97))>0,sumproduct((Colles!$A$2:$A$97=$A56),(Colles!G$2:G$97=$B56),(Colles!$B$2:$B$97)),"") -> 7 | M56: =if(sumproduct((Colles!$A$2:$A$97=$A56),(Colles!I$2:I$97=$B56),(Colles!$B$2:$B$97))>0,sumproduct((Colles!$A$2:$A$97=$A56),(Colles!I$2:I$97=$B56),(Colles!$B$2:$B$97)),"") -> 14 | N56: =if(sumproduct((Colles!$A$2:$A$97=$A56),(Colles!J$2:J$97=$B56),(Colles!$B$2:$B$97))>0,sumproduct((Colles!$A$2:$A$97=$A56),(Colles!J$2:J$97=$B56),(Colles!$B$2:$B$97)),"") -> 11 | O56: =if(sumproduct((Colles!$A$2:$A$97=$A56),(Colles!K$2:K$97=$B56),(Colles!$B$2:$B$97))>0,sumproduct((Colles!$A$2:$A$97=$A56),(Colles!K$2:K$97=$B56),(Colles!$B$2:$B$97)),"") -> 16 | P56: =if(sumproduct((Colles!$A$2:$A$97=$A56),(Colles!L$2:L$97=$B56),(Colles!$B$2:$B$97))>0,sumproduct((Colles!$A$2:$A$97=$A56),(Colles!L$2:L$97=$B56),(Colles!$B$2:$B$97)),"") -> 13 | Q56: =if(sumproduct((Colles!$A$2:$A$97=$A56),(Colles!M$2:M$97=$B56),(Colles!$B$2:$B$97))>0,sumproduct((Colles!$A$2:$A$97=$A56),(Colles!M$2:M$97=$B56),(Colles!$B$2:$B$97)),"") -> 6 | R56: =if(sumproduct((Colles!$A$2:$A$97=$A56),(Colles!N$2:N$97=$B56),(Colles!$B$2:$B$97))>0,sumproduct((Colles!$A$2:$A$97=$A56),(Colles!N$2:N$97=$B56),(Colles!$B$2:$B$97)),"") -> 11 | S56: =if(sumproduct((Colles!$A$2:$A$97=$A56),(Colles!O$2:O$97=$B56),(Colles!$B$2:$B$97))>0,sumproduct((Colles!$A$2:$A$97=$A56),(Colles!O$2:O$97=$B56),(Colles!$B$2:$B$97)),"") -> 16 | U56: =if(sumproduct((Colles!$A$2:$A$97=$A56),(Colles!Q$2:Q$97=$B56),(Colles!$B$2:$B$97))>0,sumproduct((Colles!$A$2:$A$97=$A56),(Colles!Q$2:Q$97=$B56),(Colles!$B$2:$B$97)),"") | V56: =if(sumproduct((Colles!$A$2:$A$97=$A56),(Colles!R$2:R$97=$B56),(Colles!$B$2:$B$97))>0,sumproduct((Colles!$A$2:$A$97=$A56),(Colles!R$2:R$97=$B56),(Colles!$B$2:$B$97)),"") -> 15 | W56: =if(sumproduct((Colles!$A$2:$A$97=$A56),(Colles!S$2:S$97=$B56),(Colles!$B$2:$B$97))>0,sumproduct((Colles!$A$2:$A$97=$A56),(Colles!S$2:S$97=$B56),(Colles!$B$2:$B$97)),"") -> 8 | Y56: =AA51+1 -> 15 | Z56: =Y56&IF(SUMPRODUCT('Trinômes'!$A$2:$A$48=Z57,'Trinômes'!$D$2:$D$48<>0)+SUMPRODUCT('Trinômes'!$A$2:$A$48=Z58,'Trinômes'!$D$2:$D$48<>0)+SUMPRODUCT('Trinômes'!$A$2:$A$48=Z59,'Trinômes'!$D$2:$D$48<>0)>0," – LV2","") -> 15 – LV2 | AA56: =Y56+1 -> 16 | AB56: =AA56&IF(SUMPRODUCT('Trinômes'!$A$2:$A$48=AB57,'Trinômes'!$D$2:$D$48<>0)+SUMPRODUCT('Trinômes'!$A$2:$A$48=AB58,'Trinômes'!$D$2:$D$48<>0)+SUMPRODUCT('Trinômes'!$A$2:$A$48=AB59,'Trinômes'!$D$2:$D$48<>0)>0," – LV2","") -> 16 – LV2
A57: ='Créneaux'!I32 -> Chimie | B57: ='Créneaux'!J32 -> 7 | C57: ='Créneaux'!K32 -> Mme Zavoli | D57: =switch('Créneaux'!L32,0,"Lundi",1,"Mardi",2,"Mercredi",3,"Jeudi",4,"Vendredi") -> Vendredi | E57: ='Créneaux'!M32&"h" -> 16h | F57: ='Créneaux'!N32 -> K25 | G57: =if(sumproduct((Colles!$A$2:$A$97=$A57),(Colles!C$2:C$97=$B57),(Colles!$B$2:$B$97))>0,sumproduct((Colles!$A$2:$A$97=$A57),(Colles!C$2:C$97=$B57),(Colles!$B$2:$B$97)),"") | H57: =if(sumproduct((Colles!$A$2:$A$97=$A57),(Colles!D$2:D$97=$B57),(Colles!$B$2:$B$97))>0,sumproduct((Colles!$A$2:$A$97=$A57),(Colles!D$2:D$97=$B57),(Colles!$B$2:$B$97)),"") -> 8 | I57: =if(sumproduct((Colles!$A$2:$A$97=$A57),(Colles!E$2:E$97=$B57),(Colles!$B$2:$B$97))>0,sumproduct((Colles!$A$2:$A$97=$A57),(Colles!E$2:E$97=$B57),(Colles!$B$2:$B$97)),"") -> 9 | J57: =if(sumproduct((Colles!$A$2:$A$97=$A57),(Colles!F$2:F$97=$B57),(Colles!$B$2:$B$97))>0,sumproduct((Colles!$A$2:$A$97=$A57),(Colles!F$2:F$97=$B57),(Colles!$B$2:$B$97)),"") -> 2 | K57: =if(sumproduct((Colles!$A$2:$A$97=$A57),(Colles!G$2:G$97=$B57),(Colles!$B$2:$B$97))>0,sumproduct((Colles!$A$2:$A$97=$A57),(Colles!G$2:G$97=$B57),(Colles!$B$2:$B$97)),"") -> 3 | M57: =if(sumproduct((Colles!$A$2:$A$97=$A57),(Colles!I$2:I$97=$B57),(Colles!$B$2:$B$97))>0,sumproduct((Colles!$A$2:$A$97=$A57),(Colles!I$2:I$97=$B57),(Colles!$B$2:$B$97)),"") -> 16 | N57: =if(sumproduct((Colles!$A$2:$A$97=$A57),(Colles!J$2:J$97=$B57),(Colles!$B$2:$B$97))>0,sumproduct((Colles!$A$2:$A$97=$A57),(Colles!J$2:J$97=$B57),(Colles!$B$2:$B$97)),"") -> 9 | O57: =if(sumproduct((Colles!$A$2:$A$97=$A57),(Colles!K$2:K$97=$B57),(Colles!$B$2:$B$97))>0,sumproduct((Colles!$A$2:$A$97=$A57),(Colles!K$2:K$97=$B57),(Colles!$B$2:$B$97)),"") -> 4 | P57: =if(sumproduct((Colles!$A$2:$A$97=$A57),(Colles!L$2:L$97=$B57),(Colles!$B$2:$B$97))>0,sumproduct((Colles!$A$2:$A$97=$A57),(Colles!L$2:L$97=$B57),(Colles!$B$2:$B$97)),"") -> 5 | Q57: =if(sumproduct((Colles!$A$2:$A$97=$A57),(Colles!M$2:M$97=$B57),(Colles!$B$2:$B$97))>0,sumproduct((Colles!$A$2:$A$97=$A57),(Colles!M$2:M$97=$B57),(Colles!$B$2:$B$97)),"") -> 14 | R57: =if(sumproduct((Colles!$A$2:$A$97=$A57),(Colles!N$2:N$97=$B57),(Colles!$B$2:$B$97))>0,sumproduct((Colles!$A$2:$A$97=$A57),(Colles!N$2:N$97=$B57),(Colles!$B$2:$B$97)),"") -> 15 | S57: =if(sumproduct((Colles!$A$2:$A$97=$A57),(Colles!O$2:O$97=$B57),(Colles!$B$2:$B$97))>0,sumproduct((Colles!$A$2:$A$97=$A57),(Colles!O$2:O$97=$B57),(Colles!$B$2:$B$97)),"") -> 8 | U57: =if(sumproduct((Colles!$A$2:$A$97=$A57),(Colles!Q$2:Q$97=$B57),(Colles!$B$2:$B$97))>0,sumproduct((Colles!$A$2:$A$97=$A57),(Colles!Q$2:Q$97=$B57),(Colles!$B$2:$B$97)),"") | V57: =if(sumproduct((Colles!$A$2:$A$97=$A57),(Colles!R$2:R$97=$B57),(Colles!$B$2:$B$97))>0,sumproduct((Colles!$A$2:$A$97=$A57),(Colles!R$2:R$97=$B57),(Colles!$B$2:$B$97)),"") -> 13 | W57: =if(sumproduct((Colles!$A$2:$A$97=$A57),(Colles!S$2:S$97=$B57),(Colles!$B$2:$B$97))>0,sumproduct((Colles!$A$2:$A$97=$A57),(Colles!S$2:S$97=$B57),(Colles!$B$2:$B$97)),"") -> 12 | Y57: =Y56 -> 15 | Z57: {=IF(ISERROR(ADDRESS(SUMPRODUCT('Trinômes'!$B$2:$B$48=Y57,'Trinômes'!$C$2:$C$48=COUNTIF(Y$21:Y57,"="&Y57)-1 ,ROW('Trinômes'!$A$2:$A$48)),COLUMN('Trinômes'!$A$1)-COLUMN('Trinômes'!$A$1)+1)),"",indirect("Trinômes!"&ADDRESS(SUMPRODUCT('Trinômes'!$B$2:$B$48=Y57,'Trinômes'!$C$2:$C$48=COUNTIF(Y$21:Y57,"="&Y57)-1 ,ROW('Trinômes'!$A$2:$A$48)),COLUMN('Trinômes'!$A$1)-COLUMN('Trinômes'!$A$1)+1)))} -> CHABBERT Elio | AA57: =AA56 -> 16 | AB57: {=IF(ISERROR(ADDRESS(SUMPRODUCT('Trinômes'!$B$2:$B$48=AA57,'Trinômes'!$C$2:$C$48=COUNTIF(AA$21:AA57,"="&AA57)-1 ,ROW('Trinômes'!$A$2:$A$48)),COLUMN('Trinômes'!$A$1)-COLUMN('Trinômes'!$A$1)+1)),"",indirect("Trinômes!"&ADDRESS(SUMPRODUCT('Trinômes'!$B$2:$B$48=AA57,'Trinômes'!$C$2:$C$48=COUNTIF(AA$21:AA57,"="&AA57)-1 ,ROW('Trinômes'!$A$2:$A$48)),COLUMN('Trinômes'!$A$1)-COLUMN('Trinômes'!$A$1)+1)))} -> LEVER BOYER Nolan
A58: ='Créneaux'!I33 -> Chimie | B58: ='Créneaux'!J33 -> 8 | C58: ='Créneaux'!K33 -> M. Colin | D58: =switch('Créneaux'!L33,0,"Lundi",1,"Mardi",2,"Mercredi",3,"Jeudi",4,"Vendredi") -> Mercredi | E58: ='Créneaux'!M33&"h" -> 18h | F58: ='Créneaux'!N33 -> Prépa 24 | G58: =if(sumproduct((Colles!$A$2:$A$97=$A58),(Colles!C$2:C$97=$B58),(Colles!$B$2:$B$97))>0,sumproduct((Colles!$A$2:$A$97=$A58),(Colles!C$2:C$97=$B58),(Colles!$B$2:$B$97)),"") | H58: =if(sumproduct((Colles!$A$2:$A$97=$A58),(Colles!D$2:D$97=$B58),(Colles!$B$2:$B$97))>0,sumproduct((Colles!$A$2:$A$97=$A58),(Colles!D$2:D$97=$B58),(Colles!$B$2:$B$97)),"") -> 2 | I58: =if(sumproduct((Colles!$A$2:$A$97=$A58),(Colles!E$2:E$97=$B58),(Colles!$B$2:$B$97))>0,sumproduct((Colles!$A$2:$A$97=$A58),(Colles!E$2:E$97=$B58),(Colles!$B$2:$B$97)),"") -> 3 | J58: =if(sumproduct((Colles!$A$2:$A$97=$A58),(Colles!F$2:F$97=$B58),(Colles!$B$2:$B$97))>0,sumproduct((Colles!$A$2:$A$97=$A58),(Colles!F$2:F$97=$B58),(Colles!$B$2:$B$97)),"") -> 8 | K58: =if(sumproduct((Colles!$A$2:$A$97=$A58),(Colles!G$2:G$97=$B58),(Colles!$B$2:$B$97))>0,sumproduct((Colles!$A$2:$A$97=$A58),(Colles!G$2:G$97=$B58),(Colles!$B$2:$B$97)),"") -> 5 | M58: =if(sumproduct((Colles!$A$2:$A$97=$A58),(Colles!I$2:I$97=$B58),(Colles!$B$2:$B$97))>0,sumproduct((Colles!$A$2:$A$97=$A58),(Colles!I$2:I$97=$B58),(Colles!$B$2:$B$97)),"") -> 4 | N58: =if(sumproduct((Colles!$A$2:$A$97=$A58),(Colles!J$2:J$97=$B58),(Colles!$B$2:$B$97))>0,sumproduct((Colles!$A$2:$A$97=$A58),(Colles!J$2:J$97=$B58),(Colles!$B$2:$B$97)),"") -> 1 | O58: =if(sumproduct((Colles!$A$2:$A$97=$A58),(Colles!K$2:K$97=$B58),(Colles!$B$2:$B$97))>0,sumproduct((Colles!$A$2:$A$97=$A58),(Colles!K$2:K$97=$B58),(Colles!$B$2:$B$97)),"") -> 6 | P58: =if(sumproduct((Colles!$A$2:$A$97=$A58),(Colles!L$2:L$97=$B58),(Colles!$B$2:$B$97))>0,sumproduct((Colles!$A$2:$A$97=$A58),(Colles!L$2:L$97=$B58),(Colles!$B$2:$B$97)),"") -> 7 | Q58: =if(sumproduct((Colles!$A$2:$A$97=$A58),(Colles!M$2:M$97=$B58),(Colles!$B$2:$B$97))>0,sumproduct((Colles!$A$2:$A$97=$A58),(Colles!M$2:M$97=$B58),(Colles!$B$2:$B$97)),"") -> 12 | R58: =if(sumproduct((Colles!$A$2:$A$97=$A58),(Colles!N$2:N$97=$B58),(Colles!$B$2:$B$97))>0,sumproduct((Colles!$A$2:$A$97=$A58),(Colles!N$2:N$97=$B58),(Colles!$B$2:$B$97)),"") -> 13 | S58: =if(sumproduct((Colles!$A$2:$A$97=$A58),(Colles!O$2:O$97=$B58),(Colles!$B$2:$B$97))>0,sumproduct((Colles!$A$2:$A$97=$A58),(Colles!O$2:O$97=$B58),(Colles!$B$2:$B$97)),"") -> 14 | U58: =if(sumproduct((Colles!$A$2:$A$97=$A58),(Colles!Q$2:Q$97=$B58),(Colles!$B$2:$B$97))>0,sumproduct((Colles!$A$2:$A$97=$A58),(Colles!Q$2:Q$97=$B58),(Colles!$B$2:$B$97)),"") | V58: =if(sumproduct((Colles!$A$2:$A$97=$A58),(Colles!R$2:R$97=$B58),(Colles!$B$2:$B$97))>0,sumproduct((Colles!$A$2:$A$97=$A58),(Colles!R$2:R$97=$B58),(Colles!$B$2:$B$97)),"") -> 9 | W58: =if(sumproduct((Colles!$A$2:$A$97=$A58),(Colles!S$2:S$97=$B58),(Colles!$B$2:$B$97))>0,sumproduct((Colles!$A$2:$A$97=$A58),(Colles!S$2:S$97=$B58),(Colles!$B$2:$B$97)),"") -> 16 | Y58: =Y57 -> 15 | Z58: {=IF(ISERROR(ADDRESS(SUMPRODUCT('Trinômes'!$B$2:$B$48=Y58,'Trinômes'!$C$2:$C$48=COUNTIF(Y$21:Y58,"="&Y58)-1 ,ROW('Trinômes'!$A$2:$A$48)),COLUMN('Trinômes'!$A$1)-COLUMN('Trinômes'!$A$1)+1)),"",indirect("Trinômes!"&ADDRESS(SUMPRODUCT('Trinômes'!$B$2:$B$48=Y58,'Trinômes'!$C$2:$C$48=COUNTIF(Y$21:Y58,"="&Y58)-1 ,ROW('Trinômes'!$A$2:$A$48)),COLUMN('Trinômes'!$A$1)-COLUMN('Trinômes'!$A$1)+1)))} -> WATTRELOT--LAZAROWICZ Max | AA58: =AA57 -> 16 | AB58: {=IF(ISERROR(ADDRESS(SUMPRODUCT('Trinômes'!$B$2:$B$48=AA58,'Trinômes'!$C$2:$C$48=COUNTIF(AA$21:AA58,"="&AA58)-1 ,ROW('Trinômes'!$A$2:$A$48)),COLUMN('Trinômes'!$A$1)-COLUMN('Trinômes'!$A$1)+1)),"",indirect("Trinômes!"&ADDRESS(SUMPRODUCT('Trinômes'!$B$2:$B$48=AA58,'Trinômes'!$C$2:$C$48=COUNTIF(AA$21:AA58,"="&AA58)-1 ,ROW('Trinômes'!$A$2:$A$48)),COLUMN('Trinômes'!$A$1)-COLUMN('Trinômes'!$A$1)+1)))} -> LUCOTTE Louise
C59: =A60 -> Français | Y59: =Y58 -> 15 | Z59: {=IF(ISERROR(ADDRESS(SUMPRODUCT('Trinômes'!$B$2:$B$48=Y59,'Trinômes'!$C$2:$C$48=COUNTIF(Y$21:Y59,"="&Y59)-1 ,ROW('Trinômes'!$A$2:$A$48)),COLUMN('Trinômes'!$A$1)-COLUMN('Trinômes'!$A$1)+1)),"",indirect("Trinômes!"&ADDRESS(SUMPRODUCT('Trinômes'!$B$2:$B$48=Y59,'Trinômes'!$C$2:$C$48=COUNTIF(Y$21:Y59,"="&Y59)-1 ,ROW('Trinômes'!$A$2:$A$48)),COLUMN('Trinômes'!$A$1)-COLUMN('Trinômes'!$A$1)+1)))} | AA59: =AA58 -> 16 | AB59: {=IF(ISERROR(ADDRESS(SUMPRODUCT('Trinômes'!$B$2:$B$48=AA59,'Trinômes'!$C$2:$C$48=COUNTIF(AA$21:AA59,"="&AA59)-1 ,ROW('Trinômes'!$A$2:$A$48)),COLUMN('Trinômes'!$A$1)-COLUMN('Trinômes'!$A$1)+1)),"",indirect("Trinômes!"&ADDRESS(SUMPRODUCT('Trinômes'!$B$2:$B$48=AA59,'Trinômes'!$C$2:$C$48=COUNTIF(AA$21:AA59,"="&AA59)-1 ,ROW('Trinômes'!$A$2:$A$48)),COLUMN('Trinômes'!$A$1)-COLUMN('Trinômes'!$A$1)+1)))} -> MINET Blandine
A60: ='Créneaux'!I38 -> Français | B60: ='Créneaux'!J38 -> 1 | C60: ='Créneaux'!K38 -> Mme Capitani | D60: =switch('Créneaux'!L38,0,"Lundi",1,"Mardi",2,"Mercredi",3,"Jeudi",4,"Vendredi") -> Vendredi | E60: ='Créneaux'!M38&"h" -> 16h | F60: ='Créneaux'!N38 -> Prépa 23 | G60: =if(sumproduct((Colles!$A$2:$A$97=$A60),(Colles!C$2:C$97=$B60),(Colles!$B$2:$B$97))>0,sumproduct((Colles!$A$2:$A$97=$A60),(Colles!C$2:C$97=$B60),(Colles!$B$2:$B$97)),"") | H60: =if(sumproduct((Colles!$A$2:$A$97=$A60),(Colles!D$2:D$97=$B60),(Colles!$B$2:$B$97))>0,sumproduct((Colles!$A$2:$A$97=$A60),(Colles!D$2:D$97=$B60),(Colles!$B$2:$B$97)),"") -> 5 | I60: =if(sumproduct((Colles!$A$2:$A$97=$A60),(Colles!E$2:E$97=$B60),(Colles!$B$2:$B$97))>0,sumproduct((Colles!$A$2:$A$97=$A60),(Colles!E$2:E$97=$B60),(Colles!$B$2:$B$97)),"") -> 12 | J60: =if(sumproduct((Colles!$A$2:$A$97=$A60),(Colles!F$2:F$97=$B60),(Colles!$B$2:$B$97))>0,sumproduct((Colles!$A$2:$A$97=$A60),(Colles!F$2:F$97=$B60),(Colles!$B$2:$B$97)),"") -> 1 | K60: =if(sumproduct((Colles!$A$2:$A$97=$A60),(Colles!G$2:G$97=$B60),(Colles!$B$2:$B$97))>0,sumproduct((Colles!$A$2:$A$97=$A60),(Colles!G$2:G$97=$B60),(Colles!$B$2:$B$97)),"") -> 16 | M60: =if(sumproduct((Colles!$A$2:$A$97=$A60),(Colles!I$2:I$97=$B60),(Colles!$B$2:$B$97))>0,sumproduct((Colles!$A$2:$A$97=$A60),(Colles!I$2:I$97=$B60),(Colles!$B$2:$B$97)),"") -> 9 | N60: =if(sumproduct((Colles!$A$2:$A$97=$A60),(Colles!J$2:J$97=$B60),(Colles!$B$2:$B$97))>0,sumproduct((Colles!$A$2:$A$97=$A60),(Colles!J$2:J$97=$B60),(Colles!$B$2:$B$97)),"") -> 14 | O60: =if(sumproduct((Colles!$A$2:$A$97=$A60),(Colles!K$2:K$97=$B60),(Colles!$B$2:$B$97))>0,sumproduct((Colles!$A$2:$A$97=$A60),(Colles!K$2:K$97=$B60),(Colles!$B$2:$B$97)),"") -> 13 | P60: =if(sumproduct((Colles!$A$2:$A$97=$A60),(Colles!L$2:L$97=$B60),(Colles!$B$2:$B$97))>0,sumproduct((Colles!$A$2:$A$97=$A60),(Colles!L$2:L$97=$B60),(Colles!$B$2:$B$97)),"") -> 6 | Q60: =if(sumproduct((Colles!$A$2:$A$97=$A60),(Colles!M$2:M$97=$B60),(Colles!$B$2:$B$97))>0,sumproduct((Colles!$A$2:$A$97=$A60),(Colles!M$2:M$97=$B60),(Colles!$B$2:$B$97)),"") -> 11 | R60: =if(sumproduct((Colles!$A$2:$A$97=$A60),(Colles!N$2:N$97=$B60),(Colles!$B$2:$B$97))>0,sumproduct((Colles!$A$2:$A$97=$A60),(Colles!N$2:N$97=$B60),(Colles!$B$2:$B$97)),"") -> 12 | S60: =if(sumproduct((Colles!$A$2:$A$97=$A60),(Colles!O$2:O$97=$B60),(Colles!$B$2:$B$97))>0,sumproduct((Colles!$A$2:$A$97=$A60),(Colles!O$2:O$97=$B60),(Colles!$B$2:$B$97)),"") -> 5 | U60: =if(sumproduct((Colles!$A$2:$A$97=$A60),(Colles!Q$2:Q$97=$B60),(Colles!$B$2:$B$97))>0,sumproduct((Colles!$A$2:$A$97=$A60),(Colles!Q$2:Q$97=$B60),(Colles!$B$2:$B$97)),"") | V60: =if(sumproduct((Colles!$A$2:$A$97=$A60),(Colles!R$2:R$97=$B60),(Colles!$B$2:$B$97))>0,sumproduct((Colles!$A$2:$A$97=$A60),(Colles!R$2:R$97=$B60),(Colles!$B$2:$B$97)),"") -> 6 | W60: =if(sumproduct((Colles!$A$2:$A$97=$A60),(Colles!S$2:S$97=$B60),(Colles!$B$2:$B$97))>0,sumproduct((Colles!$A$2:$A$97=$A60),(Colles!S$2:S$97=$B60),(Colles!$B$2:$B$97)),"") -> 1 | Y60: =Y59 -> 15 | AA60: =AA59 -> 16
A61: ='Créneaux'!I39 -> Français | B61: ='Créneaux'!J39 -> 2 | C61: ='Créneaux'!K39 -> Mme Capitani | D61: =switch('Créneaux'!L39,0,"Lundi",1,"Mardi",2,"Mercredi",3,"Jeudi",4,"Vendredi") -> Vendredi | E61: ='Créneaux'!M39&"h" -> 17h | F61: ='Créneaux'!N39 -> Prépa 23 | G61: =if(sumproduct((Colles!$A$2:$A$97=$A61),(Colles!C$2:C$97=$B61),(Colles!$B$2:$B$97))>0,sumproduct((Colles!$A$2:$A$97=$A61),(Colles!C$2:C$97=$B61),(Colles!$B$2:$B$97)),"") | H61: =if(sumproduct((Colles!$A$2:$A$97=$A61),(Colles!D$2:D$97=$B61),(Colles!$B$2:$B$97))>0,sumproduct((Colles!$A$2:$A$97=$A61),(Colles!D$2:D$97=$B61),(Colles!$B$2:$B$97)),"") -> 7 | I61: =if(sumproduct((Colles!$A$2:$A$97=$A61),(Colles!E$2:E$97=$B61),(Colles!$B$2:$B$97))>0,sumproduct((Colles!$A$2:$A$97=$A61),(Colles!E$2:E$97=$B61),(Colles!$B$2:$B$97)),"") -> 10 | J61: =if(sumproduct((Colles!$A$2:$A$97=$A61),(Colles!F$2:F$97=$B61),(Colles!$B$2:$B$97))>0,sumproduct((Colles!$A$2:$A$97=$A61),(Colles!F$2:F$97=$B61),(Colles!$B$2:$B$97)),"") -> 3 | K61: =if(sumproduct((Colles!$A$2:$A$97=$A61),(Colles!G$2:G$97=$B61),(Colles!$B$2:$B$97))>0,sumproduct((Colles!$A$2:$A$97=$A61),(Colles!G$2:G$97=$B61),(Colles!$B$2:$B$97)),"") -> 4 | M61: =if(sumproduct((Colles!$A$2:$A$97=$A61),(Colles!I$2:I$97=$B61),(Colles!$B$2:$B$97))>0,sumproduct((Colles!$A$2:$A$97=$A61),(Colles!I$2:I$97=$B61),(Colles!$B$2:$B$97)),"") -> 11 | N61: =if(sumproduct((Colles!$A$2:$A$97=$A61),(Colles!J$2:J$97=$B61),(Colles!$B$2:$B$97))>0,sumproduct((Colles!$A$2:$A$97=$A61),(Colles!J$2:J$97=$B61),(Colles!$B$2:$B$97)),"") -> 2 | O61: =if(sumproduct((Colles!$A$2:$A$97=$A61),(Colles!K$2:K$97=$B61),(Colles!$B$2:$B$97))>0,sumproduct((Colles!$A$2:$A$97=$A61),(Colles!K$2:K$97=$B61),(Colles!$B$2:$B$97)),"") -> 15 | P61: =if(sumproduct((Colles!$A$2:$A$97=$A61),(Colles!L$2:L$97=$B61),(Colles!$B$2:$B$97))>0,sumproduct((Colles!$A$2:$A$97=$A61),(Colles!L$2:L$97=$B61),(Colles!$B$2:$B$97)),"") -> 8 | Q61: =if(sumproduct((Colles!$A$2:$A$97=$A61),(Colles!M$2:M$97=$B61),(Colles!$B$2:$B$97))>0,sumproduct((Colles!$A$2:$A$97=$A61),(Colles!M$2:M$97=$B61),(Colles!$B$2:$B$97)),"") -> 7 | R61: =if(sumproduct((Colles!$A$2:$A$97=$A61),(Colles!N$2:N$97=$B61),(Colles!$B$2:$B$97))>0,sumproduct((Colles!$A$2:$A$97=$A61),(Colles!N$2:N$97=$B61),(Colles!$B$2:$B$97)),"") -> 16 | S61: =if(sumproduct((Colles!$A$2:$A$97=$A61),(Colles!O$2:O$97=$B61),(Colles!$B$2:$B$97))>0,sumproduct((Colles!$A$2:$A$97=$A61),(Colles!O$2:O$97=$B61),(Colles!$B$2:$B$97)),"") -> 9 | U61: =if(sumproduct((Colles!$A$2:$A$97=$A61),(Colles!Q$2:Q$97=$B61),(Colles!$B$2:$B$97))>0,sumproduct((Colles!$A$2:$A$97=$A61),(Colles!Q$2:Q$97=$B61),(Colles!$B$2:$B$97)),"") | V61: =if(sumproduct((Colles!$A$2:$A$97=$A61),(Colles!R$2:R$97=$B61),(Colles!$B$2:$B$97))>0,sumproduct((Colles!$A$2:$A$97=$A61),(Colles!R$2:R$97=$B61),(Colles!$B$2:$B$97)),"") -> 8 | W61: =if(sumproduct((Colles!$A$2:$A$97=$A61),(Colles!S$2:S$97=$B61),(Colles!$B$2:$B$97))>0,sumproduct((Colles!$A$2:$A$97=$A61),(Colles!S$2:S$97=$B61),(Colles!$B$2:$B$97)),"") -> 13

Sheet Feuille 20

Sheet Étudiants V2
N2: Informations
N3: Semaine A ou B : | O3: =VLOOKUP($I$5,DatesSemaines,3,0) -> A
H4: Étudiant : | I4: DESCOLLONGES Eric | N4: Trinôme : | O4: =VLOOKUP($I$4,Étudiants,2,0) -> 6
D5: =VLOOKUP($I$5,DatesSemaines,2,0) -> 6 | H5: Semaine : | I5: 46300 | M5: =VLOOKUP($O$4,Groupes,2,0) -> 1 | N5: Groupe G : | O5: G1
M6: =VLOOKUP($O$4,Groupes,3,0) -> 1 | N6: Groupe C : | O6: C1
N7: =IF(ISTEXT($O$7),"LV2 :","") | O7: =VLOOKUP($I$4,Étudiants,column('Trinômes'!$D$1)-column('Trinômes'!$A$1)+1,0)
O8: =IF(ISTEXT($O$7),$I$5+Vlookup($O$7,LV2Jours,2,0),"") | Q8: =IF(ISTEXT($O$7),"17h","")
H10: Cours | N10: Colles
H11: Matière | I11: Jour | J11: Horaire | N11: Jour | O11: Horaire | Q11: Matière | R11: Colleur | S11: Salle
B12: =IF(ISNUMBER($D12),"TP Physique :","") -> TP Physique : | C12: =IF(ISNUMBER($D12),$I$5+1,"") -> 46301 | D12: =Vlookup($M$5,TPPhysique,MATCH($D$5,Semaines,0),0) -> 10 | H12: {=sort(B12:D15,C12:C15,TRUE,D12:D15,TRUE)} -> TP SI : | I12: 46301 | J12: 8 | K12: =IF(NOT(ISBLANK(J12)),"h","") -> h | M12: =Vlookup($O$4,CollesM,MATCH($D$5,Semaines,0),0) | N12: {=sort(C17:D22,C17:C22,TRUE,D17:D22,TRUE)} -> 46300 | O12: 17 | P12: =IF(NOT(O12=""),"h","") -> h | Q12: {=sort(E17:G22,C17:C22,TRUE,D17:D22,TRUE)} -> Physique | R12: Mme Pampana | S12: Prépa 25
B13: =IF(ISNUMBER($D13),"TP SI :","") -> TP SI : | C13: =IF(ISNUMBER($D13),$I$5+1,"") -> 46301 | D13: =Vlookup($M$6,TPSI,MATCH($D$5,Semaines,0),0) -> 8 | H13: TP Physique : | I13: 46301 | J13: 10 | K13: =IF(NOT(ISBLANK(J13)),"h","") -> h | M13: =Vlookup($O$4,CollesA,MATCH($D$5,Semaines,0),0) | N13: 46303 | O13: 14 | P13: =IF(NOT(O13=""),"h","") -> h | Q13: Chimie | R13: M. Roisin | S13: K22
B14: =IF(ISNUMBER($D14),"TP Info :","") -> TP Info : | C14: =IF(ISNUMBER($D14),$I$5+1,"") -> 46301 | D14: =Vlookup($M$6,TPInfo,MATCH($D$5,Semaines,0),0) -> 17 | H14: TP Info : | I14: 46301 | J14: 17 | K14: =IF(NOT(ISBLANK(J14)),"h","") -> h | M14: =Vlookup($O$4,CollesS,MATCH($D$5,Semaines,0),0) | P14: =IF(NOT(O14=""),"h","")
B15: =IF(ISNUMBER($D15),"TD Chimie :","") | C15: =IF(ISNUMBER($D15),$I$5+2,"") | D15: =Vlookup($M$5,TDChimie,MATCH($D$5,Semaines,0),0) | K15: =IF(NOT(ISBLANK(J15)),"h","") | M15: =Vlookup($O$4,CollesP,MATCH($D$5,Semaines,0),0) -> 3 | P15: =IF(NOT(O15=""),"h","")
M16: =Vlookup($O$4,CollesC,MATCH($D$5,Semaines,0),0) -> 3 | P16: =IF(NOT(O16=""),"h","")
B17: =Vlookup($O$4,CollesM,MATCH($D$5,Semaines,0),0) | C17: =IF(ISNUMBER($B17),$I$5+VLOOKUP($B17,CréneauxM,3,0),"") | D17: =IF(ISNUMBER($B17),VLOOKUP($B17,CréneauxM,4,0),"") | E17: =IF(ISNUMBER($B17),"Mathématiques","") | F17: =IF(ISNUMBER($B17),VLOOKUP($B17,CréneauxM,2,0),"") | G17: =IF(ISNUMBER($B17),VLOOKUP($B17,CréneauxM,5,0),"") | M17: =Vlookup($O$4,CollesF,MATCH($D$5,Semaines,0),0) | P17: =IF(NOT(O17=""),"h","")
B18: =Vlookup($O$4,CollesA,MATCH($D$5,Semaines,0),0) | C18: =IF(ISNUMBER($B18),$I$5+VLOOKUP($B18,CréneauxA,3,0),"") | D18: =IF(ISNUMBER($B18),VLOOKUP($B18,CréneauxA,4,0),"") | E18: =IF(ISNUMBER($B18),"Anglais","") | F18: =IF(ISNUMBER($B18),VLOOKUP($B18,CréneauxA,2,0),"") | G18: =IF(ISNUMBER($B18),VLOOKUP($B18,CréneauxA,5,0),"")
B19: =Vlookup($O$4,CollesS,MATCH($D$5,Semaines,0),0) | C19: =IF(ISNUMBER($B19),$I$5+VLOOKUP($B19,CréneauxS,3,0),"") | D19: =IF(ISNUMBER($B19),VLOOKUP($B19,CréneauxS,4,0),"") | E19: =IF(ISNUMBER($B19),"SI","") | F19: =IF(ISNUMBER($B19),VLOOKUP($B19,CréneauxM,2,0),"") | G19: =IF(ISNUMBER($B19),VLOOKUP($B19,CréneauxS,5,0),"")
B20: =Vlookup($O$4,CollesP,MATCH($D$5,Semaines,0),0) -> 3 | C20: =IF(ISNUMBER($B20),$I$5+VLOOKUP($B20,CréneauxP,3,0),"") -> 46300 | D20: =IF(ISNUMBER($B20),VLOOKUP($B20,CréneauxP,4,0),"") -> 17 | E20: =IF(ISNUMBER($B20),"Physique","") -> Physique | F20: =IF(ISNUMBER($B20),VLOOKUP($B20,CréneauxP,2,0),"") -> Mme Pampana | G20: =IF(ISNUMBER($B20),VLOOKUP($B20,CréneauxP,5,0),"") -> Prépa 25
B21: =Vlookup($O$4,CollesC,MATCH($D$5,Semaines,0),0) -> 3 | C21: =IF(ISNUMBER($B21),$I$5+VLOOKUP($B21,CréneauxC,3,0),"") -> 46303 | D21: =IF(ISNUMBER($B21),VLOOKUP($B21,CréneauxC,4,0),"") -> 14 | E21: =IF(ISNUMBER($B21),"Chimie","") -> Chimie | F21: =IF(ISNUMBER($B21),VLOOKUP($B21,CréneauxC,2,0),"") -> M. Roisin | G21: =IF(ISNUMBER($B21),VLOOKUP($B21,CréneauxC,5,0),"") -> K22
B22: =Vlookup($O$4,CollesF,MATCH($D$5,Semaines,0),0) | C22: =IF(ISNUMBER($B22),$I$5+VLOOKUP($B22,CréneauxF,3,0),"") | D22: =IF(ISNUMBER($B22),VLOOKUP($B22,CréneauxF,4,0),"") | E22: =IF(ISNUMBER($B22),"Français","") | F22: =IF(ISNUMBER($B22),VLOOKUP($B22,CréneauxF,2,0),"") | G22: =IF(ISNUMBER($B22),VLOOKUP($B22,CréneauxF,5,0),"")

Sheet Étudiants
H2: Informations
H3: Semaine A ou B : | I3: =VLOOKUP($D$5,DatesSemaines,3,0) -> A
C4: Étudiant : | D4: CHABBERT Elio | H4: Trinôme : | I4: =VLOOKUP($D$4,Étudiants,2,0) -> 15
B5: =VLOOKUP($D$5,DatesSemaines,2,0) -> 6 | C5: Semaine : | D5: 46300 | G5: =VLOOKUP($I$4,Groupes,2,0) -> 2 | H5: Groupe G : | I5: G1
G6: =VLOOKUP($I$4,Groupes,3,0) -> 3 | H6: Groupe C : | I6: C1
H7: =IF(ISTEXT($I$7),"LV2 :","") -> LV2 : | I7: =VLOOKUP($D$4,Étudiants,column('Trinômes'!$D$1)-column('Trinômes'!$A$1)+1,0) -> Espagnol
I8: =IF(ISTEXT($I$7),$D$5+Vlookup($I$7,LV2Jours,2,0),"") -> 46303 | J8: =IF(ISTEXT($I$7),"17h","") -> 17h
C10: Cours | H10: Colles
C11: Matière | D11: Jour | E11: Horaire | H11: Matière | I11: Jour | J11: Horaire | K11: Colleur | L11: Salle
B12: =Vlookup($G$5,TPPhysique,MATCH($B$5,Semaines,0),0) -> 8 | C12: =IF(ISNUMBER($B12),"TP Physique :","") -> TP Physique : | D12: =IF(ISNUMBER($B12),$D$5+1,"") -> 46301 | E12: =IF(ISNUMBER($B12),$B12&"h","") -> 8h | G12: =Vlookup($I$4,CollesM,MATCH($B$5,Semaines,0),0) -> 6 | H12: =IF(ISNUMBER($G12),"Mathématiques :","") -> Mathématiques : | I12: =IF(ISNUMBER($G12),$D$5+Vlookup($G12,CréneauxM,3,0),"") -> 46303 | J12: =IF(ISNUMBER($G12),Vlookup($G12,CréneauxM,4,0)&"h","") -> 13h | K12: =IF(ISNUMBER($G12),Vlookup($G12,CréneauxM,2,0),"") -> Mme Peyrelevade | L12: =IF(ISNUMBER($G12),VLOOKUP($G12,CréneauxM,5,0),"") -> K22
B13: =Vlookup($G$6,TPSI,MATCH($B$5,Semaines,0),0) -> 10 | C13: =IF(ISNUMBER($B13),"TP SI :","") -> TP SI : | D13: =IF(ISNUMBER($B13),$D$5+1,"") -> 46301 | E13: =IF(ISNUMBER($B13),$B13&"h","") -> 10h | G13: =Vlookup($I$4,CollesA,MATCH($B$5,Semaines,0),0) -> 1 | H13: =IF(ISNUMBER($G13),"Anglais :","") -> Anglais : | I13: =IF(ISNUMBER($G13),$D$5+Vlookup($G13,CréneauxA,3,0),"") -> 46300 | J13: =IF(ISNUMBER($G13),Vlookup($G13,CréneauxA,4,0)&"h","") -> 16h | K13: =IF(ISNUMBER($G13),Vlookup($G13,CréneauxA,2,0),"") -> Mme Calvin | L13: =IF(ISNUMBER($G13),VLOOKUP($G13,CréneauxM,5,0),"") -> Prépa 35
B14: =Vlookup($G$6,TPInfo,MATCH($B$5,Semaines,0),0) | C14: =IF(ISNUMBER($B14),"TP Info :","") | D14: =IF(ISNUMBER($B14),$D$5+1,"") | E14: =IF(ISNUMBER($B14),$B14&"h","") | G14: =Vlookup($I$4,CollesS,MATCH($B$5,Semaines,0),0) | H14: =IF(ISNUMBER($G14),"SI :","") | I14: =IF(ISNUMBER($G14),$D$5+Vlookup($G14,CréneauxS,3,0),"") | J14: =IF(ISNUMBER($G14),Vlookup($G14,CréneauxS,4,0)&"h","") | K14: =IF(ISNUMBER($G14),Vlookup($G14,CréneauxS,2,0),"") | L14: =IF(ISNUMBER($G14),VLOOKUP($G14,CréneauxM,5,0),"")
B15: =Vlookup($G$5,TDChimie,MATCH($B$5,Semaines,0),0) -> 15 | C15: =IF(ISNUMBER($B15),"TD Chimie :","") -> TD Chimie : | D15: =IF(ISNUMBER($B15),$D$5+2,"") -> 46302 | E15: =IF(ISNUMBER($B15),$B15&"h","") -> 15h | G15: =Vlookup($I$4,CollesP,MATCH($B$5,Semaines,0),0) | H15: =IF(ISNUMBER($G15),"Physique :","") | I15: =IF(ISNUMBER($G15),$D$5+Vlookup($G15,CréneauxP,3,0),"") | J15: =IF(ISNUMBER($G15),Vlookup($G15,CréneauxP,4,0)&"h","") | K15: =IF(ISNUMBER($G15),Vlookup($G15,CréneauxP,2,0),"") | L15: =IF(ISNUMBER($G15),VLOOKUP($G15,CréneauxM,5,0),"")
G16: =Vlookup($I$4,CollesC,MATCH($B$5,Semaines,0),0) | H16: =IF(ISNUMBER($G16),"Chimie :","") | I16: =IF(ISNUMBER($G16),$D$5+Vlookup($G16,CréneauxC,3,0),"") | J16: =IF(ISNUMBER($G16),Vlookup($G16,CréneauxC,4,0)&"h","") | K16: =IF(ISNUMBER($G16),Vlookup($G16,CréneauxC,2,0),"") | L16: =IF(ISNUMBER($G16),VLOOKUP($G16,CréneauxM,5,0),"")
G17: =Vlookup($I$4,CollesF,MATCH($B$5,Semaines,0),0) | H17: =IF(ISNUMBER($G17),"Français :","") | I17: =IF(ISNUMBER($G17),$D$5+Vlookup($G17,CréneauxF,3,0),"") | J17: =IF(ISNUMBER($G17),Vlookup($G17,CréneauxF,4,0)&"h","") | K17: =IF(ISNUMBER($G17),Vlookup($G17,CréneauxF,2,0),"") | L17: =IF(ISNUMBER($G17),VLOOKUP($G17,CréneauxM,5,0),"")

Sheet Colleurs
B1: Matière : | C1: Mathématiques
B2: Colleur : | C2: M. Villéger
A3: =VLOOKUP($C$3,DatesSemaines,2,0) -> 7 | B3: Semaine : | C3: 46307
B5: Jour | C5: Heure | D5: Salle | E5: Trinôme | H5: Étudiants
A6: =switch($C$1,'Créneaux'!$I$2,'Créneaux'!D2,'Créneaux'!$I$10,'Créneaux'!D10,'Créneaux'!$I$18,'Créneaux'!D18,'Créneaux'!$I$26,'Créneaux'!D26,'Créneaux'!$I$34,'Créneaux'!D34,'Créneaux'!$I$38,'Créneaux'!D38) -> 1 | B6: =IF(ISNUMBER($F6),switch($C$1,"Mathématiques",$C$3+Vlookup($A6,'Créneaux'!$J$2:$N$9,column('Créneaux'!L$1)-column('Créneaux'!$J$1)+1,0),"Anglais",$C$3+Vlookup($A6,'Créneaux'!$J$10:$N$17,column('Créneaux'!L$1)-column('Créneaux'!$J$1)+1,0),"Physique",$C$3+Vlookup($A6,'Créneaux'!$J$18:$N$25,column('Créneaux'!L$1)-column('Créneaux'!$J$1)+1,0),"Chimie",$C$3+Vlookup($A6,'Créneaux'!$J$26:$N$33,column('Créneaux'!L$1)-column('Créneaux'!$J$1)+1,0),"SI",$C$3+Vlookup($A6,'Créneaux'!$J$34:$N$37,column('Créneaux'!L$1)-column('Créneaux'!$J$1)+1,0),"Français",$C$3+Vlookup($A6,'Créneaux'!$J$38:$N$39,column('Créneaux'!L$1)-column('Créneaux'!$J$1)+1,0)),"") -> 46309 | C6: =IF(ISNUMBER($F6),switch($C$1,"Mathématiques",Vlookup($A6,'Créneaux'!$J$2:$N$9,column('Créneaux'!M$1)-column('Créneaux'!$J$1)+1,0)&"h","Anglais",Vlookup($A6,'Créneaux'!$J$10:$N$17,column('Créneaux'!M$1)-column('Créneaux'!$J$1)+1,0)&"h","Physique",Vlookup($A6,'Créneaux'!$J$18:$N$25,column('Créneaux'!M$1)-column('Créneaux'!$J$1)+1,0)&"h","Chimie",Vlookup($A6,'Créneaux'!$J$26:$N$33,column('Créneaux'!M$1)-column('Créneaux'!$J$1)+1,0)&"h","SI",Vlookup($A6,'Créneaux'!$J$34:$N$37,column('Créneaux'!M$1)-column('Créneaux'!$J$1)+1,0)&"h","Français",Vlookup($A6,'Créneaux'!$J$38:$N$39,column('Créneaux'!M$1)-column('Créneaux'!$J$1)+1,0)&"h"),"") -> 15h | D6: =IF(ISNUMBER($F6),switch($C$1,"Mathématiques",Vlookup($A6,'Créneaux'!$J$2:$N$9,column('Créneaux'!N$1)-column('Créneaux'!$J$1)+1,0),"Anglais",Vlookup($A6,'Créneaux'!$J$10:$N$17,column('Créneaux'!N$1)-column('Créneaux'!$J$1)+1,0),"Physique",Vlookup($A6,'Créneaux'!$J$18:$N$25,column('Créneaux'!N$1)-column('Créneaux'!$J$1)+1,0),"Chimie",Vlookup($A6,'Créneaux'!$J$26:$N$33,column('Créneaux'!N$1)-column('Créneaux'!$J$1)+1,0),"SI",Vlookup($A6,'Créneaux'!$J$34:$N$37,column('Créneaux'!N$1)-column('Créneaux'!$J$1)+1,0),"Français",Vlookup($A6,'Créneaux'!$J$38:$N$39,column('Créneaux'!N$1)-column('Créneaux'!$J$1)+1,0)),"") -> Prépa 35 | E6: =if(isnumber($F6),"Trinôme ","") -> Trinôme | F6: =IF(ISNUMBER($A6),switch($C$1,"Mathématiques",Vlookup($A6,Colloscope!$B$19:$W$26,match($A$3,Colloscope!$B$1:$W$1),0),"Anglais",Vlookup($A6,Colloscope!$B$28:$W$35,match($A$3,Colloscope!$B$1:$W$1),0),"Physique",Vlookup($A6,Colloscope!$B$42:$W$49,match($A$3,Colloscope!$B$1:$W$1),0),"Chimie",Vlookup($A6,Colloscope!$B$51:$W$58,match($A$3,Colloscope!$B$1:$W$1),0),"SI",Vlookup($A6,Colloscope!$B$37:$W$40,match($A$3,Colloscope!$B$1:$W$1),0),"Français",Vlookup($A6,Colloscope!$B$60:$W$61,match($A$3,Colloscope!$B$1:$W$1),0)),"") -> 12 | G6: =if(isnumber($F6),":","") -> : | H6: {=if(ISNUMBER($F6),indirect("Trinômes!"&address(sumproduct('Trinômes'!$B$2:$B$48=$F6,'Trinômes'!$C$2:$C$48=column(H$6)-COLUMN($H$6)+1,ROW('Trinômes'!$A$2:$A$48)-row('Trinômes'!$A$2)+1)+1,column('Trinômes'!$A$1))),"")} -> POURCHIER Manon | I6: {=if(ISNUMBER($F6),indirect("Trinômes!"&address(sumproduct('Trinômes'!$B$2:$B$48=$F6,'Trinômes'!$C$2:$C$48=column(I$6)-COLUMN($H$6)+1,ROW('Trinômes'!$A$2:$A$48)-row('Trinômes'!$A$2)+1)+1,column('Trinômes'!$A$1))),"")} -> RAITORE Maya | J6: {=if(ISNUMBER($F6),indirect("Trinômes!"&address(sumproduct('Trinômes'!$B$2:$B$48=$F6,'Trinômes'!$C$2:$C$48=column(J$6)-COLUMN($H$6)+1,ROW('Trinômes'!$A$2:$A$48)-row('Trinômes'!$A$2)+1)+1,column('Trinômes'!$A$1))),"")} -> RAKOTOARIVELO Yann
A7: =switch($C$1,'Créneaux'!$I$2,'Créneaux'!D3,'Créneaux'!$I$10,'Créneaux'!D11,'Créneaux'!$I$18,'Créneaux'!D19,'Créneaux'!$I$26,'Créneaux'!D27,'Créneaux'!$I$34,'Créneaux'!D35,'Créneaux'!$I$38,'Créneaux'!D39) -> 2 | B7: =IF(ISNUMBER($F7),switch($C$1,"Mathématiques",$C$3+Vlookup($A7,'Créneaux'!$J$2:$N$9,column('Créneaux'!L$1)-column('Créneaux'!$J$1)+1,0),"Anglais",$C$3+Vlookup($A7,'Créneaux'!$J$10:$N$17,column('Créneaux'!L$1)-column('Créneaux'!$J$1)+1,0),"Physique",$C$3+Vlookup($A7,'Créneaux'!$J$18:$N$25,column('Créneaux'!L$1)-column('Créneaux'!$J$1)+1,0),"Chimie",$C$3+Vlookup($A7,'Créneaux'!$J$26:$N$33,column('Créneaux'!L$1)-column('Créneaux'!$J$1)+1,0),"SI",$C$3+Vlookup($A7,'Créneaux'!$J$34:$N$37,column('Créneaux'!L$1)-column('Créneaux'!$J$1)+1,0),"Français",$C$3+Vlookup($A7,'Créneaux'!$J$38:$N$39,column('Créneaux'!L$1)-column('Créneaux'!$J$1)+1,0)),"") -> 46309 | C7: =IF(ISNUMBER($F7),switch($C$1,"Mathématiques",Vlookup($A7,'Créneaux'!$J$2:$N$9,column('Créneaux'!M$1)-column('Créneaux'!$J$1)+1,0)&"h","Anglais",Vlookup($A7,'Créneaux'!$J$10:$N$17,column('Créneaux'!M$1)-column('Créneaux'!$J$1)+1,0)&"h","Physique",Vlookup($A7,'Créneaux'!$J$18:$N$25,column('Créneaux'!M$1)-column('Créneaux'!$J$1)+1,0)&"h","Chimie",Vlookup($A7,'Créneaux'!$J$26:$N$33,column('Créneaux'!M$1)-column('Créneaux'!$J$1)+1,0)&"h","SI",Vlookup($A7,'Créneaux'!$J$34:$N$37,column('Créneaux'!M$1)-column('Créneaux'!$J$1)+1,0)&"h","Français",Vlookup($A7,'Créneaux'!$J$38:$N$39,column('Créneaux'!M$1)-column('Créneaux'!$J$1)+1,0)&"h"),"") -> 16h | D7: =IF(ISNUMBER($F7),switch($C$1,"Mathématiques",Vlookup($A7,'Créneaux'!$J$2:$N$9,column('Créneaux'!N$1)-column('Créneaux'!$J$1)+1,0),"Anglais",Vlookup($A7,'Créneaux'!$J$10:$N$17,column('Créneaux'!N$1)-column('Créneaux'!$J$1)+1,0),"Physique",Vlookup($A7,'Créneaux'!$J$18:$N$25,column('Créneaux'!N$1)-column('Créneaux'!$J$1)+1,0),"Chimie",Vlookup($A7,'Créneaux'!$J$26:$N$33,column('Créneaux'!N$1)-column('Créneaux'!$J$1)+1,0),"SI",Vlookup($A7,'Créneaux'!$J$34:$N$37,column('Créneaux'!N$1)-column('Créneaux'!$J$1)+1,0),"Français",Vlookup($A7,'Créneaux'!$J$38:$N$39,column('Créneaux'!N$1)-column('Créneaux'!$J$1)+1,0)),"") -> Prépa 35 | E7: =if(isnumber($F7),"Trinôme ","") -> Trinôme | F7: =IF(ISNUMBER($A7),switch($C$1,"Mathématiques",Vlookup($A7,Colloscope!$B$19:$W$26,match($A$3,Colloscope!$B$1:$W$1),0),"Anglais",Vlookup($A7,Colloscope!$B$28:$W$35,match($A$3,Colloscope!$B$1:$W$1),0),"Physique",Vlookup($A7,Colloscope!$B$42:$W$49,match($A$3,Colloscope!$B$1:$W$1),0),"Chimie",Vlookup($A7,Colloscope!$B$51:$W$58,match($A$3,Colloscope!$B$1:$W$1),0),"SI",Vlookup($A7,Colloscope!$B$37:$W$40,match($A$3,Colloscope!$B$1:$W$1),0),"Français",Vlookup($A7,Colloscope!$B$60:$W$61,match($A$3,Colloscope!$B$1:$W$1),0)),"") -> 6 | G7: =if(isnumber($F7),":","") -> : | H7: {=if(ISNUMBER($F7),indirect("Trinômes!"&address(sumproduct('Trinômes'!$B$2:$B$48=$F7,'Trinômes'!$C$2:$C$48=column(H$6)-COLUMN($H$6)+1,ROW('Trinômes'!$A$2:$A$48)-row('Trinômes'!$A$2)+1)+1,column('Trinômes'!$A$1))),"")} -> DESCOLLONGES Eric | I7: {=if(ISNUMBER($F7),indirect("Trinômes!"&address(sumproduct('Trinômes'!$B$2:$B$48=$F7,'Trinômes'!$C$2:$C$48=column(I$6)-COLUMN($H$6)+1,ROW('Trinômes'!$A$2:$A$48)-row('Trinômes'!$A$2)+1)+1,column('Trinômes'!$A$1))),"")} -> DESPRES Jeanne | J7: {=if(ISNUMBER($F7),indirect("Trinômes!"&address(sumproduct('Trinômes'!$B$2:$B$48=$F7,'Trinômes'!$C$2:$C$48=column(J$6)-COLUMN($H$6)+1,ROW('Trinômes'!$A$2:$A$48)-row('Trinômes'!$A$2)+1)+1,column('Trinômes'!$A$1))),"")} -> DORLEANS Louis
A8: =switch($C$1,'Créneaux'!$I$2,'Créneaux'!D4,'Créneaux'!$I$10,'Créneaux'!D12,'Créneaux'!$I$18,'Créneaux'!D20,'Créneaux'!$I$26,'Créneaux'!D28,'Créneaux'!$I$34,'Créneaux'!D36,'Créneaux'!$I$38,'Créneaux'!D40) | B8: =IF(ISNUMBER($F8),switch($C$1,"Mathématiques",$C$3+Vlookup($A8,'Créneaux'!$J$2:$N$9,column('Créneaux'!L$1)-column('Créneaux'!$J$1)+1,0),"Anglais",$C$3+Vlookup($A8,'Créneaux'!$J$10:$N$17,column('Créneaux'!L$1)-column('Créneaux'!$J$1)+1,0),"Physique",$C$3+Vlookup($A8,'Créneaux'!$J$18:$N$25,column('Créneaux'!L$1)-column('Créneaux'!$J$1)+1,0),"Chimie",$C$3+Vlookup($A8,'Créneaux'!$J$26:$N$33,column('Créneaux'!L$1)-column('Créneaux'!$J$1)+1,0),"SI",$C$3+Vlookup($A8,'Créneaux'!$J$34:$N$37,column('Créneaux'!L$1)-column('Créneaux'!$J$1)+1,0),"Français",$C$3+Vlookup($A8,'Créneaux'!$J$38:$N$39,column('Créneaux'!L$1)-column('Créneaux'!$J$1)+1,0)),"") | C8: =IF(ISNUMBER($F8),switch($C$1,"Mathématiques",Vlookup($A8,'Créneaux'!$J$2:$N$9,column('Créneaux'!M$1)-column('Créneaux'!$J$1)+1,0)&"h","Anglais",Vlookup($A8,'Créneaux'!$J$10:$N$17,column('Créneaux'!M$1)-column('Créneaux'!$J$1)+1,0)&"h","Physique",Vlookup($A8,'Créneaux'!$J$18:$N$25,column('Créneaux'!M$1)-column('Créneaux'!$J$1)+1,0)&"h","Chimie",Vlookup($A8,'Créneaux'!$J$26:$N$33,column('Créneaux'!M$1)-column('Créneaux'!$J$1)+1,0)&"h","SI",Vlookup($A8,'Créneaux'!$J$34:$N$37,column('Créneaux'!M$1)-column('Créneaux'!$J$1)+1,0)&"h","Français",Vlookup($A8,'Créneaux'!$J$38:$N$39,column('Créneaux'!M$1)-column('Créneaux'!$J$1)+1,0)&"h"),"") | D8: =IF(ISNUMBER($F8),switch($C$1,"Mathématiques",Vlookup($A8,'Créneaux'!$J$2:$N$9,column('Créneaux'!N$1)-column('Créneaux'!$J$1)+1,0),"Anglais",Vlookup($A8,'Créneaux'!$J$10:$N$17,column('Créneaux'!N$1)-column('Créneaux'!$J$1)+1,0),"Physique",Vlookup($A8,'Créneaux'!$J$18:$N$25,column('Créneaux'!N$1)-column('Créneaux'!$J$1)+1,0),"Chimie",Vlookup($A8,'Créneaux'!$J$26:$N$33,column('Créneaux'!N$1)-column('Créneaux'!$J$1)+1,0),"SI",Vlookup($A8,'Créneaux'!$J$34:$N$37,column('Créneaux'!N$1)-column('Créneaux'!$J$1)+1,0),"Français",Vlookup($A8,'Créneaux'!$J$38:$N$39,column('Créneaux'!N$1)-column('Créneaux'!$J$1)+1,0)),"") | E8: =if(isnumber($F8),"Trinôme ","") | F8: =IF(ISNUMBER($A8),switch($C$1,"Mathématiques",Vlookup($A8,Colloscope!$B$19:$W$26,match($A$3,Colloscope!$B$1:$W$1),0),"Anglais",Vlookup($A8,Colloscope!$B$28:$W$35,match($A$3,Colloscope!$B$1:$W$1),0),"Physique",Vlookup($A8,Colloscope!$B$42:$W$49,match($A$3,Colloscope!$B$1:$W$1),0),"Chimie",Vlookup($A8,Colloscope!$B$51:$W$58,match($A$3,Colloscope!$B$1:$W$1),0),"SI",Vlookup($A8,Colloscope!$B$37:$W$40,match($A$3,Colloscope!$B$1:$W$1),0),"Français",Vlookup($A8,Colloscope!$B$60:$W$61,match($A$3,Colloscope!$B$1:$W$1),0)),"") | G8: =if(isnumber($F8),":","") | H8: {=if(ISNUMBER($F8),indirect("Trinômes!"&address(sumproduct('Trinômes'!$B$2:$B$48=$F8,'Trinômes'!$C$2:$C$48=column(H$6)-COLUMN($H$6)+1,ROW('Trinômes'!$A$2:$A$48)-row('Trinômes'!$A$2)+1)+1,column('Trinômes'!$A$1))),"")} | I8: {=if(ISNUMBER($F8),indirect("Trinômes!"&address(sumproduct('Trinômes'!$B$2:$B$48=$F8,'Trinômes'!$C$2:$C$48=column(I$6)-COLUMN($H$6)+1,ROW('Trinômes'!$A$2:$A$48)-row('Trinômes'!$A$2)+1)+1,column('Trinômes'!$A$1))),"")} | J8: {=if(ISNUMBER($F8),indirect("Trinômes!"&address(sumproduct('Trinômes'!$B$2:$B$48=$F8,'Trinômes'!$C$2:$C$48=column(J$6)-COLUMN($H$6)+1,ROW('Trinômes'!$A$2:$A$48)-row('Trinômes'!$A$2)+1)+1,column('Trinômes'!$A$1))),"")}
A9: =switch($C$1,'Créneaux'!$I$2,'Créneaux'!D5,'Créneaux'!$I$10,'Créneaux'!D13,'Créneaux'!$I$18,'Créneaux'!D21,'Créneaux'!$I$26,'Créneaux'!D29,'Créneaux'!$I$34,'Créneaux'!D37,'Créneaux'!$I$38,'Créneaux'!D41) | B9: =IF(ISNUMBER($F9),switch($C$1,"Mathématiques",$C$3+Vlookup($A9,'Créneaux'!$J$2:$N$9,column('Créneaux'!L$1)-column('Créneaux'!$J$1)+1,0),"Anglais",$C$3+Vlookup($A9,'Créneaux'!$J$10:$N$17,column('Créneaux'!L$1)-column('Créneaux'!$J$1)+1,0),"Physique",$C$3+Vlookup($A9,'Créneaux'!$J$18:$N$25,column('Créneaux'!L$1)-column('Créneaux'!$J$1)+1,0),"Chimie",$C$3+Vlookup($A9,'Créneaux'!$J$26:$N$33,column('Créneaux'!L$1)-column('Créneaux'!$J$1)+1,0),"SI",$C$3+Vlookup($A9,'Créneaux'!$J$34:$N$37,column('Créneaux'!L$1)-column('Créneaux'!$J$1)+1,0),"Français",$C$3+Vlookup($A9,'Créneaux'!$J$38:$N$39,column('Créneaux'!L$1)-column('Créneaux'!$J$1)+1,0)),"") | C9: =IF(ISNUMBER($F9),switch($C$1,"Mathématiques",Vlookup($A9,'Créneaux'!$J$2:$N$9,column('Créneaux'!M$1)-column('Créneaux'!$J$1)+1,0)&"h","Anglais",Vlookup($A9,'Créneaux'!$J$10:$N$17,column('Créneaux'!M$1)-column('Créneaux'!$J$1)+1,0)&"h","Physique",Vlookup($A9,'Créneaux'!$J$18:$N$25,column('Créneaux'!M$1)-column('Créneaux'!$J$1)+1,0)&"h","Chimie",Vlookup($A9,'Créneaux'!$J$26:$N$33,column('Créneaux'!M$1)-column('Créneaux'!$J$1)+1,0)&"h","SI",Vlookup($A9,'Créneaux'!$J$34:$N$37,column('Créneaux'!M$1)-column('Créneaux'!$J$1)+1,0)&"h","Français",Vlookup($A9,'Créneaux'!$J$38:$N$39,column('Créneaux'!M$1)-column('Créneaux'!$J$1)+1,0)&"h"),"") | D9: =IF(ISNUMBER($F9),switch($C$1,"Mathématiques",Vlookup($A9,'Créneaux'!$J$2:$N$9,column('Créneaux'!N$1)-column('Créneaux'!$J$1)+1,0),"Anglais",Vlookup($A9,'Créneaux'!$J$10:$N$17,column('Créneaux'!N$1)-column('Créneaux'!$J$1)+1,0),"Physique",Vlookup($A9,'Créneaux'!$J$18:$N$25,column('Créneaux'!N$1)-column('Créneaux'!$J$1)+1,0),"Chimie",Vlookup($A9,'Créneaux'!$J$26:$N$33,column('Créneaux'!N$1)-column('Créneaux'!$J$1)+1,0),"SI",Vlookup($A9,'Créneaux'!$J$34:$N$37,column('Créneaux'!N$1)-column('Créneaux'!$J$1)+1,0),"Français",Vlookup($A9,'Créneaux'!$J$38:$N$39,column('Créneaux'!N$1)-column('Créneaux'!$J$1)+1,0)),"") | E9: =if(isnumber($F9),"Trinôme ","") | F9: =IF(ISNUMBER($A9),switch($C$1,"Mathématiques",Vlookup($A9,Colloscope!$B$19:$W$26,match($A$3,Colloscope!$B$1:$W$1),0),"Anglais",Vlookup($A9,Colloscope!$B$28:$W$35,match($A$3,Colloscope!$B$1:$W$1),0),"Physique",Vlookup($A9,Colloscope!$B$42:$W$49,match($A$3,Colloscope!$B$1:$W$1),0),"Chimie",Vlookup($A9,Colloscope!$B$51:$W$58,match($A$3,Colloscope!$B$1:$W$1),0),"SI",Vlookup($A9,Colloscope!$B$37:$W$40,match($A$3,Colloscope!$B$1:$W$1),0),"Français",Vlookup($A9,Colloscope!$B$60:$W$61,match($A$3,Colloscope!$B$1:$W$1),0)),"") | G9: =if(isnumber($F9),":","") | H9: {=if(ISNUMBER($F9),indirect("Trinômes!"&address(sumproduct('Trinômes'!$B$2:$B$48=$F9,'Trinômes'!$C$2:$C$48=column(H$6)-COLUMN($H$6)+1,ROW('Trinômes'!$A$2:$A$48)-row('Trinômes'!$A$2)+1)+1,column('Trinômes'!$A$1))),"")} | I9: {=if(ISNUMBER($F9),indirect("Trinômes!"&address(sumproduct('Trinômes'!$B$2:$B$48=$F9,'Trinômes'!$C$2:$C$48=column(I$6)-COLUMN($H$6)+1,ROW('Trinômes'!$A$2:$A$48)-row('Trinômes'!$A$2)+1)+1,column('Trinômes'!$A$1))),"")} | J9: {=if(ISNUMBER($F9),indirect("Trinômes!"&address(sumproduct('Trinômes'!$B$2:$B$48=$F9,'Trinômes'!$C$2:$C$48=column(J$6)-COLUMN($H$6)+1,ROW('Trinômes'!$A$2:$A$48)-row('Trinômes'!$A$2)+1)+1,column('Trinômes'!$A$1))),"")}
A10: =switch($C$1,'Créneaux'!$I$2,'Créneaux'!D6,'Créneaux'!$I$10,'Créneaux'!D14,'Créneaux'!$I$18,'Créneaux'!D22,'Créneaux'!$I$26,'Créneaux'!D30,'Créneaux'!$I$34,'Créneaux'!D38,'Créneaux'!$I$38,'Créneaux'!D42) | B10: =IF(ISNUMBER($F10),switch($C$1,"Mathématiques",$C$3+Vlookup($A10,'Créneaux'!$J$2:$N$9,column('Créneaux'!L$1)-column('Créneaux'!$J$1)+1,0),"Anglais",$C$3+Vlookup($A10,'Créneaux'!$J$10:$N$17,column('Créneaux'!L$1)-column('Créneaux'!$J$1)+1,0),"Physique",$C$3+Vlookup($A10,'Créneaux'!$J$18:$N$25,column('Créneaux'!L$1)-column('Créneaux'!$J$1)+1,0),"Chimie",$C$3+Vlookup($A10,'Créneaux'!$J$26:$N$33,column('Créneaux'!L$1)-column('Créneaux'!$J$1)+1,0),"SI",$C$3+Vlookup($A10,'Créneaux'!$J$34:$N$37,column('Créneaux'!L$1)-column('Créneaux'!$J$1)+1,0),"Français",$C$3+Vlookup($A10,'Créneaux'!$J$38:$N$39,column('Créneaux'!L$1)-column('Créneaux'!$J$1)+1,0)),"") | C10: =IF(ISNUMBER($F10),switch($C$1,"Mathématiques",Vlookup($A10,'Créneaux'!$J$2:$N$9,column('Créneaux'!M$1)-column('Créneaux'!$J$1)+1,0)&"h","Anglais",Vlookup($A10,'Créneaux'!$J$10:$N$17,column('Créneaux'!M$1)-column('Créneaux'!$J$1)+1,0)&"h","Physique",Vlookup($A10,'Créneaux'!$J$18:$N$25,column('Créneaux'!M$1)-column('Créneaux'!$J$1)+1,0)&"h","Chimie",Vlookup($A10,'Créneaux'!$J$26:$N$33,column('Créneaux'!M$1)-column('Créneaux'!$J$1)+1,0)&"h","SI",Vlookup($A10,'Créneaux'!$J$34:$N$37,column('Créneaux'!M$1)-column('Créneaux'!$J$1)+1,0)&"h","Français",Vlookup($A10,'Créneaux'!$J$38:$N$39,column('Créneaux'!M$1)-column('Créneaux'!$J$1)+1,0)&"h"),"") | D10: =IF(ISNUMBER($F10),switch($C$1,"Mathématiques",Vlookup($A10,'Créneaux'!$J$2:$N$9,column('Créneaux'!N$1)-column('Créneaux'!$J$1)+1,0),"Anglais",Vlookup($A10,'Créneaux'!$J$10:$N$17,column('Créneaux'!N$1)-column('Créneaux'!$J$1)+1,0),"Physique",Vlookup($A10,'Créneaux'!$J$18:$N$25,column('Créneaux'!N$1)-column('Créneaux'!$J$1)+1,0),"Chimie",Vlookup($A10,'Créneaux'!$J$26:$N$33,column('Créneaux'!N$1)-column('Créneaux'!$J$1)+1,0),"SI",Vlookup($A10,'Créneaux'!$J$34:$N$37,column('Créneaux'!N$1)-column('Créneaux'!$J$1)+1,0),"Français",Vlookup($A10,'Créneaux'!$J$38:$N$39,column('Créneaux'!N$1)-column('Créneaux'!$J$1)+1,0)),"") | E10: =if(isnumber($F10),"Trinôme ","") | F10: =IF(ISNUMBER($A10),switch($C$1,"Mathématiques",Vlookup($A10,Colloscope!$B$19:$W$26,match($A$3,Colloscope!$B$1:$W$1),0),"Anglais",Vlookup($A10,Colloscope!$B$28:$W$35,match($A$3,Colloscope!$B$1:$W$1),0),"Physique",Vlookup($A10,Colloscope!$B$42:$W$49,match($A$3,Colloscope!$B$1:$W$1),0),"Chimie",Vlookup($A10,Colloscope!$B$51:$W$58,match($A$3,Colloscope!$B$1:$W$1),0),"SI",Vlookup($A10,Colloscope!$B$37:$W$40,match($A$3,Colloscope!$B$1:$W$1),0),"Français",Vlookup($A10,Colloscope!$B$60:$W$61,match($A$3,Colloscope!$B$1:$W$1),0)),"") | G10: =if(isnumber($F10),":","") | H10: {=if(ISNUMBER($F10),indirect("Trinômes!"&address(sumproduct('Trinômes'!$B$2:$B$48=$F10,'Trinômes'!$C$2:$C$48=column(H$6)-COLUMN($H$6)+1,ROW('Trinômes'!$A$2:$A$48)-row('Trinômes'!$A$2)+1)+1,column('Trinômes'!$A$1))),"")} | I10: {=if(ISNUMBER($F10),indirect("Trinômes!"&address(sumproduct('Trinômes'!$B$2:$B$48=$F10,'Trinômes'!$C$2:$C$48=column(I$6)-COLUMN($H$6)+1,ROW('Trinômes'!$A$2:$A$48)-row('Trinômes'!$A$2)+1)+1,column('Trinômes'!$A$1))),"")} | J10: {=if(ISNUMBER($F10),indirect("Trinômes!"&address(sumproduct('Trinômes'!$B$2:$B$48=$F10,'Trinômes'!$C$2:$C$48=column(J$6)-COLUMN($H$6)+1,ROW('Trinômes'!$A$2:$A$48)-row('Trinômes'!$A$2)+1)+1,column('Trinômes'!$A$1))),"")}
A11: =switch($C$1,'Créneaux'!$I$2,'Créneaux'!D7,'Créneaux'!$I$10,'Créneaux'!D15,'Créneaux'!$I$18,'Créneaux'!D23,'Créneaux'!$I$26,'Créneaux'!D31,'Créneaux'!$I$34,'Créneaux'!D39,'Créneaux'!$I$38,'Créneaux'!D43) | B11: =IF(ISNUMBER($F11),switch($C$1,"Mathématiques",$C$3+Vlookup($A11,'Créneaux'!$J$2:$N$9,column('Créneaux'!L$1)-column('Créneaux'!$J$1)+1,0),"Anglais",$C$3+Vlookup($A11,'Créneaux'!$J$10:$N$17,column('Créneaux'!L$1)-column('Créneaux'!$J$1)+1,0),"Physique",$C$3+Vlookup($A11,'Créneaux'!$J$18:$N$25,column('Créneaux'!L$1)-column('Créneaux'!$J$1)+1,0),"Chimie",$C$3+Vlookup($A11,'Créneaux'!$J$26:$N$33,column('Créneaux'!L$1)-column('Créneaux'!$J$1)+1,0),"SI",$C$3+Vlookup($A11,'Créneaux'!$J$34:$N$37,column('Créneaux'!L$1)-column('Créneaux'!$J$1)+1,0),"Français",$C$3+Vlookup($A11,'Créneaux'!$J$38:$N$39,column('Créneaux'!L$1)-column('Créneaux'!$J$1)+1,0)),"") | C11: =IF(ISNUMBER($F11),switch($C$1,"Mathématiques",Vlookup($A11,'Créneaux'!$J$2:$N$9,column('Créneaux'!M$1)-column('Créneaux'!$J$1)+1,0)&"h","Anglais",Vlookup($A11,'Créneaux'!$J$10:$N$17,column('Créneaux'!M$1)-column('Créneaux'!$J$1)+1,0)&"h","Physique",Vlookup($A11,'Créneaux'!$J$18:$N$25,column('Créneaux'!M$1)-column('Créneaux'!$J$1)+1,0)&"h","Chimie",Vlookup($A11,'Créneaux'!$J$26:$N$33,column('Créneaux'!M$1)-column('Créneaux'!$J$1)+1,0)&"h","SI",Vlookup($A11,'Créneaux'!$J$34:$N$37,column('Créneaux'!M$1)-column('Créneaux'!$J$1)+1,0)&"h","Français",Vlookup($A11,'Créneaux'!$J$38:$N$39,column('Créneaux'!M$1)-column('Créneaux'!$J$1)+1,0)&"h"),"") | D11: =IF(ISNUMBER($F11),switch($C$1,"Mathématiques",Vlookup($A11,'Créneaux'!$J$2:$N$9,column('Créneaux'!N$1)-column('Créneaux'!$J$1)+1,0),"Anglais",Vlookup($A11,'Créneaux'!$J$10:$N$17,column('Créneaux'!N$1)-column('Créneaux'!$J$1)+1,0),"Physique",Vlookup($A11,'Créneaux'!$J$18:$N$25,column('Créneaux'!N$1)-column('Créneaux'!$J$1)+1,0),"Chimie",Vlookup($A11,'Créneaux'!$J$26:$N$33,column('Créneaux'!N$1)-column('Créneaux'!$J$1)+1,0),"SI",Vlookup($A11,'Créneaux'!$J$34:$N$37,column('Créneaux'!N$1)-column('Créneaux'!$J$1)+1,0),"Français",Vlookup($A11,'Créneaux'!$J$38:$N$39,column('Créneaux'!N$1)-column('Créneaux'!$J$1)+1,0)),"") | E11: =if(isnumber($F11),"Trinôme ","") | F11: =IF(ISNUMBER($A11),switch($C$1,"Mathématiques",Vlookup($A11,Colloscope!$B$19:$W$26,match($A$3,Colloscope!$B$1:$W$1),0),"Anglais",Vlookup($A11,Colloscope!$B$28:$W$35,match($A$3,Colloscope!$B$1:$W$1),0),"Physique",Vlookup($A11,Colloscope!$B$42:$W$49,match($A$3,Colloscope!$B$1:$W$1),0),"Chimie",Vlookup($A11,Colloscope!$B$51:$W$58,match($A$3,Colloscope!$B$1:$W$1),0),"SI",Vlookup($A11,Colloscope!$B$37:$W$40,match($A$3,Colloscope!$B$1:$W$1),0),"Français",Vlookup($A11,Colloscope!$B$60:$W$61,match($A$3,Colloscope!$B$1:$W$1),0)),"") | G11: =if(isnumber($F11),":","") | H11: {=if(ISNUMBER($F11),indirect("Trinômes!"&address(sumproduct('Trinômes'!$B$2:$B$48=$F11,'Trinômes'!$C$2:$C$48=column(H$6)-COLUMN($H$6)+1,ROW('Trinômes'!$A$2:$A$48)-row('Trinômes'!$A$2)+1)+1,column('Trinômes'!$A$1))),"")} | I11: {=if(ISNUMBER($F11),indirect("Trinômes!"&address(sumproduct('Trinômes'!$B$2:$B$48=$F11,'Trinômes'!$C$2:$C$48=column(I$6)-COLUMN($H$6)+1,ROW('Trinômes'!$A$2:$A$48)-row('Trinômes'!$A$2)+1)+1,column('Trinômes'!$A$1))),"")} | J11: {=if(ISNUMBER($F11),indirect("Trinômes!"&address(sumproduct('Trinômes'!$B$2:$B$48=$F11,'Trinômes'!$C$2:$C$48=column(J$6)-COLUMN($H$6)+1,ROW('Trinômes'!$A$2:$A$48)-row('Trinômes'!$A$2)+1)+1,column('Trinômes'!$A$1))),"")}
A12: =switch($C$1,'Créneaux'!$I$2,'Créneaux'!D8,'Créneaux'!$I$10,'Créneaux'!D16,'Créneaux'!$I$18,'Créneaux'!D24,'Créneaux'!$I$26,'Créneaux'!D32,'Créneaux'!$I$34,'Créneaux'!D40,'Créneaux'!$I$38,'Créneaux'!D44) | B12: =IF(ISNUMBER($F12),switch($C$1,"Mathématiques",$C$3+Vlookup($A12,'Créneaux'!$J$2:$N$9,column('Créneaux'!L$1)-column('Créneaux'!$J$1)+1,0),"Anglais",$C$3+Vlookup($A12,'Créneaux'!$J$10:$N$17,column('Créneaux'!L$1)-column('Créneaux'!$J$1)+1,0),"Physique",$C$3+Vlookup($A12,'Créneaux'!$J$18:$N$25,column('Créneaux'!L$1)-column('Créneaux'!$J$1)+1,0),"Chimie",$C$3+Vlookup($A12,'Créneaux'!$J$26:$N$33,column('Créneaux'!L$1)-column('Créneaux'!$J$1)+1,0),"SI",$C$3+Vlookup($A12,'Créneaux'!$J$34:$N$37,column('Créneaux'!L$1)-column('Créneaux'!$J$1)+1,0),"Français",$C$3+Vlookup($A12,'Créneaux'!$J$38:$N$39,column('Créneaux'!L$1)-column('Créneaux'!$J$1)+1,0)),"") | C12: =IF(ISNUMBER($F12),switch($C$1,"Mathématiques",Vlookup($A12,'Créneaux'!$J$2:$N$9,column('Créneaux'!M$1)-column('Créneaux'!$J$1)+1,0)&"h","Anglais",Vlookup($A12,'Créneaux'!$J$10:$N$17,column('Créneaux'!M$1)-column('Créneaux'!$J$1)+1,0)&"h","Physique",Vlookup($A12,'Créneaux'!$J$18:$N$25,column('Créneaux'!M$1)-column('Créneaux'!$J$1)+1,0)&"h","Chimie",Vlookup($A12,'Créneaux'!$J$26:$N$33,column('Créneaux'!M$1)-column('Créneaux'!$J$1)+1,0)&"h","SI",Vlookup($A12,'Créneaux'!$J$34:$N$37,column('Créneaux'!M$1)-column('Créneaux'!$J$1)+1,0)&"h","Français",Vlookup($A12,'Créneaux'!$J$38:$N$39,column('Créneaux'!M$1)-column('Créneaux'!$J$1)+1,0)&"h"),"") | D12: =IF(ISNUMBER($F12),switch($C$1,"Mathématiques",Vlookup($A12,'Créneaux'!$J$2:$N$9,column('Créneaux'!N$1)-column('Créneaux'!$J$1)+1,0),"Anglais",Vlookup($A12,'Créneaux'!$J$10:$N$17,column('Créneaux'!N$1)-column('Créneaux'!$J$1)+1,0),"Physique",Vlookup($A12,'Créneaux'!$J$18:$N$25,column('Créneaux'!N$1)-column('Créneaux'!$J$1)+1,0),"Chimie",Vlookup($A12,'Créneaux'!$J$26:$N$33,column('Créneaux'!N$1)-column('Créneaux'!$J$1)+1,0),"SI",Vlookup($A12,'Créneaux'!$J$34:$N$37,column('Créneaux'!N$1)-column('Créneaux'!$J$1)+1,0),"Français",Vlookup($A12,'Créneaux'!$J$38:$N$39,column('Créneaux'!N$1)-column('Créneaux'!$J$1)+1,0)),"") | E12: =if(isnumber($F12),"Trinôme ","") | F12: =IF(ISNUMBER($A12),switch($C$1,"Mathématiques",Vlookup($A12,Colloscope!$B$19:$W$26,match($A$3,Colloscope!$B$1:$W$1),0),"Anglais",Vlookup($A12,Colloscope!$B$28:$W$35,match($A$3,Colloscope!$B$1:$W$1),0),"Physique",Vlookup($A12,Colloscope!$B$42:$W$49,match($A$3,Colloscope!$B$1:$W$1),0),"Chimie",Vlookup($A12,Colloscope!$B$51:$W$58,match($A$3,Colloscope!$B$1:$W$1),0),"SI",Vlookup($A12,Colloscope!$B$37:$W$40,match($A$3,Colloscope!$B$1:$W$1),0),"Français",Vlookup($A12,Colloscope!$B$60:$W$61,match($A$3,Colloscope!$B$1:$W$1),0)),"") | G12: =if(isnumber($F12),":","") | H12: {=if(ISNUMBER($F12),indirect("Trinômes!"&address(sumproduct('Trinômes'!$B$2:$B$48=$F12,'Trinômes'!$C$2:$C$48=column(H$6)-COLUMN($H$6)+1,ROW('Trinômes'!$A$2:$A$48)-row('Trinômes'!$A$2)+1)+1,column('Trinômes'!$A$1))),"")} | I12: {=if(ISNUMBER($F12),indirect("Trinômes!"&address(sumproduct('Trinômes'!$B$2:$B$48=$F12,'Trinômes'!$C$2:$C$48=column(I$6)-COLUMN($H$6)+1,ROW('Trinômes'!$A$2:$A$48)-row('Trinômes'!$A$2)+1)+1,column('Trinômes'!$A$1))),"")} | J12: {=if(ISNUMBER($F12),indirect("Trinômes!"&address(sumproduct('Trinômes'!$B$2:$B$48=$F12,'Trinômes'!$C$2:$C$48=column(J$6)-COLUMN($H$6)+1,ROW('Trinômes'!$A$2:$A$48)-row('Trinômes'!$A$2)+1)+1,column('Trinômes'!$A$1))),"")}
A13: =switch($C$1,'Créneaux'!$I$2,'Créneaux'!D9,'Créneaux'!$I$10,'Créneaux'!D17,'Créneaux'!$I$18,'Créneaux'!D25,'Créneaux'!$I$26,'Créneaux'!D33,'Créneaux'!$I$34,'Créneaux'!D41,'Créneaux'!$I$38,'Créneaux'!D45) | B13: =IF(ISNUMBER($F13),switch($C$1,"Mathématiques",$C$3+Vlookup($A13,'Créneaux'!$J$2:$N$9,column('Créneaux'!L$1)-column('Créneaux'!$J$1)+1,0),"Anglais",$C$3+Vlookup($A13,'Créneaux'!$J$10:$N$17,column('Créneaux'!L$1)-column('Créneaux'!$J$1)+1,0),"Physique",$C$3+Vlookup($A13,'Créneaux'!$J$18:$N$25,column('Créneaux'!L$1)-column('Créneaux'!$J$1)+1,0),"Chimie",$C$3+Vlookup($A13,'Créneaux'!$J$26:$N$33,column('Créneaux'!L$1)-column('Créneaux'!$J$1)+1,0),"SI",$C$3+Vlookup($A13,'Créneaux'!$J$34:$N$37,column('Créneaux'!L$1)-column('Créneaux'!$J$1)+1,0),"Français",$C$3+Vlookup($A13,'Créneaux'!$J$38:$N$39,column('Créneaux'!L$1)-column('Créneaux'!$J$1)+1,0)),"") | C13: =IF(ISNUMBER($F13),switch($C$1,"Mathématiques",Vlookup($A13,'Créneaux'!$J$2:$N$9,column('Créneaux'!M$1)-column('Créneaux'!$J$1)+1,0)&"h","Anglais",Vlookup($A13,'Créneaux'!$J$10:$N$17,column('Créneaux'!M$1)-column('Créneaux'!$J$1)+1,0)&"h","Physique",Vlookup($A13,'Créneaux'!$J$18:$N$25,column('Créneaux'!M$1)-column('Créneaux'!$J$1)+1,0)&"h","Chimie",Vlookup($A13,'Créneaux'!$J$26:$N$33,column('Créneaux'!M$1)-column('Créneaux'!$J$1)+1,0)&"h","SI",Vlookup($A13,'Créneaux'!$J$34:$N$37,column('Créneaux'!M$1)-column('Créneaux'!$J$1)+1,0)&"h","Français",Vlookup($A13,'Créneaux'!$J$38:$N$39,column('Créneaux'!M$1)-column('Créneaux'!$J$1)+1,0)&"h"),"") | D13: =IF(ISNUMBER($F13),switch($C$1,"Mathématiques",Vlookup($A13,'Créneaux'!$J$2:$N$9,column('Créneaux'!N$1)-column('Créneaux'!$J$1)+1,0),"Anglais",Vlookup($A13,'Créneaux'!$J$10:$N$17,column('Créneaux'!N$1)-column('Créneaux'!$J$1)+1,0),"Physique",Vlookup($A13,'Créneaux'!$J$18:$N$25,column('Créneaux'!N$1)-column('Créneaux'!$J$1)+1,0),"Chimie",Vlookup($A13,'Créneaux'!$J$26:$N$33,column('Créneaux'!N$1)-column('Créneaux'!$J$1)+1,0),"SI",Vlookup($A13,'Créneaux'!$J$34:$N$37,column('Créneaux'!N$1)-column('Créneaux'!$J$1)+1,0),"Français",Vlookup($A13,'Créneaux'!$J$38:$N$39,column('Créneaux'!N$1)-column('Créneaux'!$J$1)+1,0)),"") | E13: =if(isnumber($F13),"Trinôme ","") | F13: =IF(ISNUMBER($A13),switch($C$1,"Mathématiques",Vlookup($A13,Colloscope!$B$19:$W$26,match($A$3,Colloscope!$B$1:$W$1),0),"Anglais",Vlookup($A13,Colloscope!$B$28:$W$35,match($A$3,Colloscope!$B$1:$W$1),0),"Physique",Vlookup($A13,Colloscope!$B$42:$W$49,match($A$3,Colloscope!$B$1:$W$1),0),"Chimie",Vlookup($A13,Colloscope!$B$51:$W$58,match($A$3,Colloscope!$B$1:$W$1),0),"SI",Vlookup($A13,Colloscope!$B$37:$W$40,match($A$3,Colloscope!$B$1:$W$1),0),"Français",Vlookup($A13,Colloscope!$B$60:$W$61,match($A$3,Colloscope!$B$1:$W$1),0)),"") | G13: =if(isnumber($F13),":","") | H13: {=if(ISNUMBER($F13),indirect("Trinômes!"&address(sumproduct('Trinômes'!$B$2:$B$48=$F13,'Trinômes'!$C$2:$C$48=column(H$6)-COLUMN($H$6)+1,ROW('Trinômes'!$A$2:$A$48)-row('Trinômes'!$A$2)+1)+1,column('Trinômes'!$A$1))),"")} | I13: {=if(ISNUMBER($F13),indirect("Trinômes!"&address(sumproduct('Trinômes'!$B$2:$B$48=$F13,'Trinômes'!$C$2:$C$48=column(I$6)-COLUMN($H$6)+1,ROW('Trinômes'!$A$2:$A$48)-row('Trinômes'!$A$2)+1)+1,column('Trinômes'!$A$1))),"")} | J13: {=if(ISNUMBER($F13),indirect("Trinômes!"&address(sumproduct('Trinômes'!$B$2:$B$48=$F13,'Trinômes'!$C$2:$C$48=column(J$6)-COLUMN($H$6)+1,ROW('Trinômes'!$A$2:$A$48)-row('Trinômes'!$A$2)+1)+1,column('Trinômes'!$A$1))),"")}

Sheet Colleurs V2
L1: Matière : | M1: Mathématiques
L2: Colleur : | M2: M. Villéger
B3: =VLOOKUP($M$3,DatesSemaines,2,0) -> 7 | L3: Semaine : | M3: 46307
L5: Jour | M5: Heure | N5: Salle | O5: Trinôme | P5: Étudiants
